crash_date_time,person_type,street_no,street_direction,street_name,latitude,longitude,posted_speed_limit,driver_action,injury_classification,driver_vision,pedpedal_action,pedpedal_location,first_crash_type
2024-08-01T13:00:00.000,BICYCLE,1209,N,WOLCOTT AVE,41.903519652,-87.674688626,30,OTHER,NO INDICATION OF INJURY,NOT OBSCURED,OTHER ACTION,IN CROSSWALK,PEDALCYCLIST
2024-07-28T19:50:00.000,BICYCLE,2800,W,ARMITAGE AVE,41.917598837,-87.697253745,35,UNKNOWN,NONINCAPACITATING INJURY,UNKNOWN,UNKNOWN/NA,IN ROADWAY,PEDALCYCLIST
2024-07-28T11:40:00.000,PEDESTRIAN,2233,W,DIVISION ST,41.902971912,-87.683484931,20,UNKNOWN,NONINCAPACITATING INJURY,UNKNOWN,UNKNOWN/NA,UNKNOWN/NA,PEDESTRIAN
2024-07-26T16:35:00.000,BICYCLE,1613,N,LEAVITT ST,41.910799458,-87.682210727,30,FAILED TO YIELD,NONINCAPACITATING INJURY,UNKNOWN,NOT AT INTERSECTION,DRIVEWAY ACCESS,PEDALCYCLIST
2024-07-19T17:59:00.000,BICYCLE,1121,N,WOOD ST,41.902098624,-87.672205042,30,FAILED TO YIELD,"REPORTED, NOT EVIDENT",NOT OBSCURED,TURNING LEFT,IN ROADWAY,PEDALCYCLIST
2024-07-18T23:15:00.000,PEDESTRIAN,1341,N,WESTERN AVE,41.906067831,-87.686961298,30,NONE,NONINCAPACITATING INJURY,UNKNOWN,UNKNOWN/NA,IN ROADWAY,PEDESTRIAN
2024-07-18T04:45:00.000,PEDESTRIAN,1947,N,MILWAUKEE AVE,41.916927234,-87.687353843,30,UNKNOWN,NONINCAPACITATING INJURY,UNKNOWN,CROSSING - WITH SIGNAL,IN CROSSWALK,PEDESTRIAN
2024-07-16T22:00:00.000,PEDESTRIAN,1927,N,CALIFORNIA AVE,41.916498595,-87.697023034,30,NONE,NONINCAPACITATING INJURY,NOT OBSCURED,PARKED VEHICLE,BIKEWAY,PEDESTRIAN
2024-07-15T11:09:00.000,BICYCLE,3201,W,ARMITAGE AVE,41.917291496,-87.707051601,30,NONE,NONINCAPACITATING INJURY,UNKNOWN,CROSSING - WITH SIGNAL,BIKEWAY,PEDALCYCLIST
2024-07-13T14:52:00.000,BICYCLE,2499,W,ARMITAGE AVE,41.917444659,-87.689791778,30,NONE,NONINCAPACITATING INJURY,NOT OBSCURED,NO ACTION,BIKEWAY,PEDALCYCLIST
2024-07-13T01:00:00.000,PEDESTRIAN,2435,W,ARMITAGE AVE,41.917453064,-87.688746059,30,,NONINCAPACITATING INJURY,,CROSSING - NO CONTROLS (AT INTERSECTION),IN CROSSWALK,PEDESTRIAN
2024-07-11T19:40:00.000,PEDESTRIAN,2172,N,CALIFORNIA AVE,41.921661739,-87.697466631,35,NONE,"REPORTED, NOT EVIDENT",NOT OBSCURED,CROSSING - CONTROLS PRESENT (NOT AT INTERSECTION),IN CROSSWALK,PEDESTRIAN
2024-07-08T22:34:00.000,PEDESTRIAN,1601,W,DIVISION ST,41.903235815,-87.667554068,30,NONE,NONINCAPACITATING INJURY,UNKNOWN,CROSSING - WITH SIGNAL,IN CROSSWALK,PEDESTRIAN
2024-07-03T20:52:00.000,BICYCLE,1600,N,WOOD ST,41.910649714,-87.672725814,35,UNKNOWN,NONINCAPACITATING INJURY,UNKNOWN,CROSSING - WITH SIGNAL,IN ROADWAY,PEDALCYCLIST
2024-07-02T23:30:00.000,BICYCLE,2425,W,ARMITAGE AVE,41.917453305,-87.688536453,30,UNKNOWN,NO INDICATION OF INJURY,UNKNOWN,CROSSING - WITH SIGNAL,BIKE LANE,PEDALCYCLIST
2024-07-01T18:00:00.000,BICYCLE,2354,N,MILWAUKEE AVE,41.92391202,-87.699225552,30,OTHER,NONINCAPACITATING INJURY,NOT OBSCURED,CROSSING - NO CONTROLS (NOT AT INTERSECTION),SHOULDER,PEDALCYCLIST
2024-06-29T23:41:00.000,BICYCLE,1600,N,ASHLAND AVE,41.910719243,-87.667840807,30,DISREGARDED CONTROL DEVICES,NONINCAPACITATING INJURY,NOT OBSCURED,CROSSING - AGAINST SIGNAL,UNKNOWN/NA,PEDALCYCLIST
2024-06-29T09:30:00.000,BICYCLE,3110,W,ARMITAGE AVE,41.917518483,-87.705767776,30,OTHER,NO INDICATION OF INJURY,NOT OBSCURED,CROSSING - AGAINST SIGNAL,IN ROADWAY,PEDALCYCLIST
2024-06-27T22:50:00.000,BICYCLE,2400,N,MILWAUKEE AVE,41.924727462,-87.700552669,30,NONE,NO INDICATION OF INJURY,NOT OBSCURED,CROSSING - WITH SIGNAL,BIKE LANE,PEDALCYCLIST
2024-06-27T14:42:00.000,BICYCLE,1521,N,DAMEN AVE,41.908926932,-87.677273998,30,UNKNOWN,INCAPACITATING INJURY,UNKNOWN,CROSSING - NO CONTROLS (AT INTERSECTION),BIKEWAY,PEDALCYCLIST
2024-06-26T18:03:00.000,PEDESTRIAN,1400,N,WESTERN AVE,41.906755689,-87.687272702,30,NONE,INCAPACITATING INJURY,UNKNOWN,CROSSING - WITH SIGNAL,IN CROSSWALK,PEDESTRIAN
2024-06-26T17:30:00.000,BICYCLE,2916,W,ARMITAGE AVE,41.917571121,-87.699961683,30,NONE,NONINCAPACITATING INJURY,UNKNOWN,WITH TRAFFIC,IN ROADWAY,PEDALCYCLIST
2024-06-26T10:21:00.000,BICYCLE,1389,N,MILWAUKEE AVE,41.907140622,-87.67217504,30,,NONINCAPACITATING INJURY,NOT OBSCURED,NO ACTION,BIKE LANE,PEDALCYCLIST
2024-06-25T15:12:00.000,BICYCLE,1534,N,MILWAUKEE AVE,41.909313927,-87.676029226,30,UNKNOWN,NO INDICATION OF INJURY,UNKNOWN,CROSSING - WITH SIGNAL,BIKE LANE,PEDALCYCLIST
2024-06-25T07:09:00.000,BICYCLE,1950,N,MILWAUKEE AVE,41.91679583,-87.687600865,30,NONE,"REPORTED, NOT EVIDENT",NOT OBSCURED,CROSSING - WITH SIGNAL,BIKE LANE,PEDALCYCLIST
2024-06-22T14:39:00.000,PEDESTRIAN,658,N,ASHLAND AVE,41.89420881,-87.667382228,30,NONE,NONINCAPACITATING INJURY,UNKNOWN,CROSSING - NO CONTROLS (AT INTERSECTION),IN CROSSWALK,PEDESTRIAN
2024-06-20T09:05:00.000,BICYCLE,1403,N,DAMEN AVE,41.907262631,-87.677230437,30,NONE,NONINCAPACITATING INJURY,NOT OBSCURED,NO ACTION,BIKE LANE,PEDALCYCLIST
2024-06-18T19:03:00.000,BICYCLE,2333,N,MILWAUKEE AVE,41.923695255,-87.698408551,30,NONE,NO INDICATION OF INJURY,NOT OBSCURED,WITH TRAFFIC,BIKE LANE,PEDALCYCLIST
2024-06-18T18:09:00.000,PEDESTRIAN,2327,W,LE MOYNE ST,41.908398701,-87.685888581,25,NONE,NONINCAPACITATING INJURY,UNKNOWN,CROSSING - WITH SIGNAL,IN CROSSWALK,PEDESTRIAN
2024-06-18T18:09:00.000,PEDESTRIAN,2327,W,LE MOYNE ST,41.908398701,-87.685888581,25,NONE,NO INDICATION OF INJURY,UNKNOWN,CROSSING - WITH SIGNAL,IN CROSSWALK,PEDESTRIAN
2024-06-18T17:45:00.000,BICYCLE,3050,W,ARMITAGE AVE,41.917532399,-87.704468755,30,NONE,NONINCAPACITATING INJURY,NOT OBSCURED,WITH TRAFFIC,BIKE LANE,PEDALCYCLIST
2024-06-15T18:55:00.000,BICYCLE,2043,N,MILWAUKEE AVE,41.918447569,-87.689825749,20,NONE,"REPORTED, NOT EVIDENT",NOT OBSCURED,WITH TRAFFIC,BIKE LANE,PEDALCYCLIST
2024-06-15T10:38:00.000,BICYCLE,1520,N,DAMEN AVE,41.9089214,-87.677567796,30,NONE,NONINCAPACITATING INJURY,NOT OBSCURED,CROSSING - NO CONTROLS (AT INTERSECTION),BIKE LANE,PEDALCYCLIST
2024-06-11T08:13:00.000,PEDESTRIAN,1714,W,DIVISION ST,41.903401444,-87.670825272,15,NONE,"REPORTED, NOT EVIDENT",NOT OBSCURED,OTHER ACTION,IN ROADWAY,PEDESTRIAN
2024-06-09T17:34:00.000,BICYCLE,1366,N,MILWAUKEE AVE,41.906543249,-87.67169263,30,NONE,NONINCAPACITATING INJURY,NOT OBSCURED,WITH TRAFFIC,BIKE LANE,PEDALCYCLIST
2024-06-09T11:40:00.000,PEDESTRIAN,1545,N,WESTERN AVE,41.909834229,-87.687060131,30,UNKNOWN,NONINCAPACITATING INJURY,UNKNOWN,CROSSING - NO CONTROLS (NOT AT INTERSECTION),NOT IN ROADWAY,PEDESTRIAN
2024-06-06T14:35:00.000,BICYCLE,2000,N,CALIFORNIA AVE,41.917519538,-87.697348539,30,FAILED TO YIELD,NONINCAPACITATING INJURY,NOT OBSCURED,CROSSING - AGAINST SIGNAL,IN ROADWAY,PEDALCYCLIST
2024-06-05T19:18:00.000,PEDESTRIAN,1998,N,WESTERN AVE,41.917527585,-87.687555983,30,OTHER,NONINCAPACITATING INJURY,NOT OBSCURED,CROSSING - WITH SIGNAL,IN CROSSWALK,PEDESTRIAN
2024-06-05T19:00:00.000,BICYCLE,1566,N,MILWAUKEE AVE,41.909879819,-87.676913798,30,NONE,"REPORTED, NOT EVIDENT",NOT OBSCURED,WITH TRAFFIC,BIKEWAY,PEDALCYCLIST
2024-06-05T18:14:00.000,BICYCLE,1566,N,MILWAUKEE AVE,41.909879819,-87.676913798,30,NONE,NO INDICATION OF INJURY,NOT OBSCURED,WITH TRAFFIC,BIKE LANE,PEDALCYCLIST
2024-06-04T13:41:00.000,BICYCLE,1923,N,WESTERN AVE,41.916505513,-87.687234661,30,OTHER,NONINCAPACITATING INJURY,UNKNOWN,CROSSING - NO CONTROLS (NOT AT INTERSECTION),IN ROADWAY,PEDALCYCLIST
2024-06-03T15:30:00.000,BICYCLE,1630,W,CHICAGO AVE,41.896164107,-87.66845702,30,NONE,NONINCAPACITATING INJURY,NOT OBSCURED,WITH TRAFFIC,BIKE LANE,PEDALCYCLIST
2024-06-02T15:00:00.000,BICYCLE,1141,N,DAMEN AVE,41.902612982,-87.677093726,25,UNKNOWN,INCAPACITATING INJURY,UNKNOWN,WITH TRAFFIC,BIKE LANE,PEDALCYCLIST
2024-06-01T21:38:00.000,PEDESTRIAN,1034,N,WESTERN AVE,41.900399892,-87.687108224,30,FAILED TO YIELD,NONINCAPACITATING INJURY,NOT OBSCURED,CROSSING - NO CONTROLS (AT INTERSECTION),IN CROSSWALK,PEDESTRIAN
2024-06-01T21:38:00.000,PEDESTRIAN,1034,N,WESTERN AVE,41.900399892,-87.687108224,30,NONE,NONINCAPACITATING INJURY,NOT OBSCURED,CROSSING - NO CONTROLS (AT INTERSECTION),IN CROSSWALK,PEDESTRIAN
2024-05-31T20:00:00.000,BICYCLE,459,N,OGDEN AVE,41.890859496,-87.659024189,30,NONE,INCAPACITATING INJURY,,WITH TRAFFIC,BIKE LANE,PEDALCYCLIST
2024-05-31T18:30:00.000,BICYCLE,2000,W,NORTH AVE,41.910582764,-87.677701677,30,UNKNOWN,NONINCAPACITATING INJURY,UNKNOWN,TURNING RIGHT,IN ROADWAY,PEDALCYCLIST
2024-05-30T16:12:00.000,BICYCLE,1317,N,MILWAUKEE AVE,41.905705628,-87.66992733,35,NONE,INCAPACITATING INJURY,NOT OBSCURED,NO ACTION,BIKE LANE,PEDALCYCLIST
2024-05-30T07:40:00.000,BICYCLE,1532,N,ASHLAND AVE,41.909825497,-87.66781635,30,UNKNOWN,NONINCAPACITATING INJURY,NOT OBSCURED,UNKNOWN/NA,IN ROADWAY,PEDALCYCLIST
2024-05-29T18:02:00.000,BICYCLE,728,N,WOOD ST,41.895028578,-87.672287322,30,FAILED TO YIELD,NONINCAPACITATING INJURY,NOT OBSCURED,CROSSING - CONTROLS PRESENT (NOT AT INTERSECTION),IN ROADWAY,PEDALCYCLIST
2024-05-26T18:15:00.000,BICYCLE,906,N,ASHLAND AVE,41.898104456,-87.667494871,30,NONE,NO INDICATION OF INJURY,UNKNOWN,UNKNOWN/NA,SHOULDER,PEDALCYCLIST
2024-05-25T17:35:00.000,PEDESTRIAN,1283,N,MILWAUKEE AVE,41.905137782,-87.66902777,30,UNKNOWN,NO INDICATION OF INJURY,NOT OBSCURED,NOT AT INTERSECTION,IN CROSSWALK,PEDESTRIAN
2024-05-24T14:00:00.000,BICYCLE,1199,N,MARSHFIELD AVE,41.903275019,-87.668572638,30,UNKNOWN,NO INDICATION OF INJURY,NOT OBSCURED,CROSSING - NO CONTROLS (NOT AT INTERSECTION),IN ROADWAY,PEDALCYCLIST
2024-05-23T23:20:00.000,BICYCLE,2489,N,MILWAUKEE AVE,41.926635027,-87.703199253,30,UNKNOWN,NONINCAPACITATING INJURY,UNKNOWN,WITH TRAFFIC,IN ROADWAY,PEDALCYCLIST
2024-05-23T20:30:00.000,BICYCLE,2375,N,MILWAUKEE AVE,41.924482563,-87.699692866,30,OTHER,"REPORTED, NOT EVIDENT",NOT OBSCURED,WITH TRAFFIC,BIKE LANE,PEDALCYCLIST
2024-05-23T19:45:00.000,BICYCLE,1180,N,MILWAUKEE AVE,41.903161615,-87.666403093,30,NONE,"REPORTED, NOT EVIDENT",NOT OBSCURED,CROSSING - WITH SIGNAL,BIKE LANE,PEDALCYCLIST
2024-05-23T16:51:00.000,PEDESTRIAN,3001,W,PALMER BLVD,41.920594499,-87.702206034,30,OTHER,INCAPACITATING INJURY,UNKNOWN,CROSSING - CONTROLS PRESENT (NOT AT INTERSECTION),IN ROADWAY,PEDESTRIAN
2024-05-23T14:10:00.000,BICYCLE,2952,W,ARMITAGE AVE,41.91755896,-87.701385386,30,NONE,NONINCAPACITATING INJURY,NOT OBSCURED,OTHER ACTION,IN ROADWAY,PEDALCYCLIST
2024-05-20T14:43:00.000,PEDESTRIAN,1624,W,DIVISION ST,41.903440798,-87.668505467,30,UNKNOWN,NO INDICATION OF INJURY,UNKNOWN,UNKNOWN/NA,IN ROADWAY,PEDESTRIAN
2024-05-18T00:20:00.000,PEDESTRIAN,2393,N,MILWAUKEE AVE,41.924816741,-87.700234498,20,NONE,NO INDICATION OF INJURY,NOT OBSCURED,OTHER ACTION,IN ROADWAY,PEDESTRIAN
2024-05-15T12:30:00.000,PEDESTRIAN,2800,N,ALBANY AVE,41.932131133,-87.705129355,30,UNKNOWN,NONINCAPACITATING INJURY,UNKNOWN,CROSSING - NO CONTROLS (AT INTERSECTION),IN CROSSWALK,PEDESTRIAN
2024-05-14T15:55:00.000,BICYCLE,2445,N,MILWAUKEE AVE,41.925739881,-87.701744015,30,NONE,NONINCAPACITATING INJURY,UNKNOWN,CROSSING - NO CONTROLS (AT INTERSECTION),IN ROADWAY,PEDALCYCLIST
2024-05-13T13:08:00.000,PEDESTRIAN,2100,W,NORTH AVE,41.910546981,-87.680108062,30,NONE,NO INDICATION OF INJURY,NOT OBSCURED,NO ACTION,IN CROSSWALK,PEDESTRIAN
2024-05-11T00:47:00.000,PEDESTRIAN,2206,N,CALIFORNIA AVE,41.92190356,-87.697473803,15,NONE,NONINCAPACITATING INJURY,NOT OBSCURED,CROSSING - NO CONTROLS (NOT AT INTERSECTION),IN ROADWAY,PEDESTRIAN
2024-05-08T17:00:00.000,BICYCLE,1513,N,MILWAUKEE AVE,41.909037654,-87.675145922,30,NONE,NO INDICATION OF INJURY,NOT OBSCURED,CROSSING - NO CONTROLS (NOT AT INTERSECTION),BIKE LANE,PEDALCYCLIST
2024-05-08T08:35:00.000,PEDESTRIAN,2392,N,MILWAUKEE AVE,41.924646801,-87.700420596,30,UNKNOWN,"REPORTED, NOT EVIDENT",UNKNOWN,OTHER ACTION,UNKNOWN/NA,PEDESTRIAN
2024-05-07T17:32:00.000,BICYCLE,1903,N,WESTERN AVE,41.915872295,-87.687219833,30,NONE,NONINCAPACITATING INJURY,NOT OBSCURED,NO ACTION,IN ROADWAY,PEDALCYCLIST
2024-05-06T18:12:00.000,PEDESTRIAN,1631,W,CHICAGO AVE,41.895942562,-87.66857215,30,NONE,NONINCAPACITATING INJURY,NOT OBSCURED,PARKED VEHICLE,IN ROADWAY,PEDESTRIAN
2024-05-06T18:12:00.000,PEDESTRIAN,1631,W,CHICAGO AVE,41.895942562,-87.66857215,30,NONE,INCAPACITATING INJURY,OTHER,PARKED VEHICLE,IN ROADWAY,PEDESTRIAN
2024-05-04T15:30:00.000,BICYCLE,1553,N,ASHLAND AVE,41.910406568,-87.667539078,25,DISREGARDED CONTROL DEVICES,NO INDICATION OF INJURY,UNKNOWN,TURNING LEFT,IN ROADWAY,PEDALCYCLIST
2024-05-02T18:25:00.000,BICYCLE,1099,N,WESTERN AVE,41.901157718,-87.68683128,30,FAILED TO YIELD,NO INDICATION OF INJURY,UNKNOWN,CROSSING - NO CONTROLS (AT INTERSECTION),IN ROADWAY,PEDALCYCLIST
2024-04-30T20:35:00.000,PEDESTRIAN,1958,N,WESTERN AVE,41.917527585,-87.687555983,35,NONE,NONINCAPACITATING INJURY,NOT OBSCURED,TURNING LEFT,IN ROADWAY,PEDESTRIAN
2024-04-24T18:58:00.000,BICYCLE,2257,N,MILWAUKEE AVE,41.922113666,-87.695840376,30,NONE,NONINCAPACITATING INJURY,NOT OBSCURED,TURNING LEFT,IN ROADWAY,PEDALCYCLIST
2024-04-21T16:17:00.000,BICYCLE,2010,W,PIERCE AVE,41.909472799,-87.677939457,30,OTHER,NONINCAPACITATING INJURY,NOT OBSCURED,WITH TRAFFIC,IN ROADWAY,PEDALCYCLIST
2024-04-19T11:28:00.000,PEDESTRIAN,1560,N,DAMEN AVE,41.909995199,-87.677599087,30,,INCAPACITATING INJURY,,UNKNOWN/NA,IN ROADWAY,PEDESTRIAN
2024-04-17T06:03:00.000,PEDESTRIAN,2000,N,CALIFORNIA AVE,41.917519538,-87.697348539,30,UNKNOWN,NONINCAPACITATING INJURY,UNKNOWN,CROSSING - WITH SIGNAL,IN CROSSWALK,PEDESTRIAN
2024-04-12T23:55:00.000,BICYCLE,1585,N,MILWAUKEE AVE,41.910402904,-87.677262361,20,NONE,NO INDICATION OF INJURY,UNKNOWN,WITH TRAFFIC,BIKE LANE,PEDALCYCLIST
2024-04-12T21:48:00.000,BICYCLE,2299,N,CALIFORNIA AVE,41.92288545,-87.697213743,30,DISREGARDED CONTROL DEVICES,NONINCAPACITATING INJURY,UNKNOWN,CROSSING - AGAINST SIGNAL,IN CROSSWALK,PEDALCYCLIST
2024-04-05T07:30:00.000,PEDESTRIAN,2551,N,CALIFORNIA AVE,41.92816674,-87.697361482,30,,NO INDICATION OF INJURY,UNKNOWN,CROSSING - AGAINST SIGNAL,UNKNOWN/NA,PEDESTRIAN
2024-04-02T13:00:00.000,PEDESTRIAN,2571,N,MILWAUKEE AVE,41.928178208,-87.705714176,30,NONE,"REPORTED, NOT EVIDENT",UNKNOWN,CROSSING - WITH SIGNAL,IN CROSSWALK,PEDESTRIAN
2024-04-01T19:20:00.000,BICYCLE,3200,W,ARMITAGE AVE,41.917511023,-87.707053639,30,NONE,NONINCAPACITATING INJURY,NOT OBSCURED,CROSSING - WITH SIGNAL,BIKE LANE,PEDALCYCLIST
2024-04-01T16:10:00.000,BICYCLE,1904,N,WESTERN AVE,41.915930717,-87.687515578,30,NONE,NONINCAPACITATING INJURY,UNKNOWN,WITH TRAFFIC,IN ROADWAY,PEDALCYCLIST
2024-03-30T11:00:00.000,PEDESTRIAN,1101,N,WOLCOTT AVE,41.901477835,-87.674621548,30,NONE,NO INDICATION OF INJURY,NOT OBSCURED,WITH TRAFFIC,IN CROSSWALK,PEDESTRIAN
2024-03-28T12:00:00.000,PEDESTRIAN,2100,N,CALIFORNIA AVE,41.919642322,-87.697409539,30,NONE,NONINCAPACITATING INJURY,NOT OBSCURED,CROSSING - NO CONTROLS (AT INTERSECTION),IN CROSSWALK,PEDESTRIAN
2024-03-26T20:05:00.000,BICYCLE,1448,N,LEAVITT ST,41.9081903,-87.682432944,30,NONE,NONINCAPACITATING INJURY,NOT OBSCURED,WITH TRAFFIC,IN ROADWAY,PEDALCYCLIST
2024-03-26T10:05:00.000,PEDESTRIAN,2000,W,DIVISION ST,41.903298793,-87.677383247,25,,"REPORTED, NOT EVIDENT",,CROSSING - WITH SIGNAL,IN CROSSWALK,PEDESTRIAN
2024-03-22T15:16:00.000,PEDESTRIAN,2203,N,CALIFORNIA AVE,41.921788401,-87.697176397,30,,INCAPACITATING INJURY,,CROSSING - NO CONTROLS (AT INTERSECTION),IN CROSSWALK,PEDESTRIAN
2024-03-20T07:20:00.000,PEDESTRIAN,2625,W,FULLERTON AVE,41.924735061,-87.693622528,25,UNKNOWN,"REPORTED, NOT EVIDENT",UNKNOWN,CROSSING - CONTROLS PRESENT (NOT AT INTERSECTION),IN CROSSWALK,PEDESTRIAN
2024-03-18T15:40:00.000,PEDESTRIAN,1517,W,CHICAGO AVE,41.895989386,-87.665617339,30,NONE,NONINCAPACITATING INJURY,,CROSSING - NO CONTROLS (AT INTERSECTION),IN CROSSWALK,PEDESTRIAN
2024-03-17T11:50:00.000,BICYCLE,1431,N,MILWAUKEE AVE,41.907970608,-87.673476395,30,NONE,NONINCAPACITATING INJURY,NOT OBSCURED,WITH TRAFFIC,BIKEWAY,PEDALCYCLIST
2024-03-16T19:15:00.000,BICYCLE,1515,N,MILWAUKEE AVE,41.909126988,-87.675285202,25,NONE,NO INDICATION OF INJURY,NOT OBSCURED,WITH TRAFFIC,BIKE LANE,PEDALCYCLIST
2024-03-14T11:15:00.000,BICYCLE,1854,W,DIVISION ST,41.903341795,-87.674674211,30,NONE,INCAPACITATING INJURY,NOT OBSCURED,CROSSING - CONTROLS PRESENT (NOT AT INTERSECTION),IN CROSSWALK,PEDALCYCLIST
2024-03-12T17:30:00.000,PEDESTRIAN,1200,N,MILWAUKEE AVE,41.903307804,-87.666632088,30,FAILED TO YIELD,NO INDICATION OF INJURY,UNKNOWN,UNKNOWN/NA,IN ROADWAY,PEDESTRIAN
2024-03-11T17:13:00.000,BICYCLE,1328,W,DIVISION ST,41.903539875,-87.66171475,30,NONE,NONINCAPACITATING INJURY,NOT OBSCURED,CROSSING - WITH SIGNAL,IN CROSSWALK,PEDALCYCLIST
2024-03-10T18:30:00.000,BICYCLE,1181,N,MILWAUKEE AVE,41.903413502,-87.666345317,30,UNKNOWN,NONINCAPACITATING INJURY,UNKNOWN,UNKNOWN/NA,IN ROADWAY,PEDALCYCLIST
2024-03-07T12:20:00.000,BICYCLE,1521,N,MILWAUKEE AVE,41.909235959,-87.675455541,30,NONE,NONINCAPACITATING INJURY,NOT OBSCURED,WITH TRAFFIC,BIKE LANE,PEDALCYCLIST
2024-03-06T19:02:00.000,PEDESTRIAN,1912,N,WESTERN AVE,41.916185701,-87.687523688,35,NONE,INCAPACITATING INJURY,NOT OBSCURED,CROSSING - NO CONTROLS (NOT AT INTERSECTION),IN ROADWAY,PEDESTRIAN
2024-03-04T21:30:00.000,PEDESTRIAN,1184,N,MILWAUKEE AVE,41.903246607,-87.666536227,30,NONE,NONINCAPACITATING INJURY,NOT OBSCURED,CROSSING - WITH SIGNAL,IN CROSSWALK,PEDESTRIAN
2024-03-03T16:50:00.000,BICYCLE,2000,N,POINT ST,41.917534153,-87.694242249,30,DISREGARDED CONTROL DEVICES,NONINCAPACITATING INJURY,UNKNOWN,WITH TRAFFIC,IN ROADWAY,TURNING
2024-03-02T20:50:00.000,BICYCLE,1000,N,HERMITAGE AVE,41.899714227,-87.671209124,30,UNKNOWN,INCAPACITATING INJURY,UNKNOWN,CROSSING - NO CONTROLS (AT INTERSECTION),NOT IN ROADWAY,PEDALCYCLIST
2024-03-02T19:25:00.000,PEDESTRIAN,1332,W,DIVISION ST,41.903536788,-87.661859583,30,,NONINCAPACITATING INJURY,,CROSSING - WITH SIGNAL,IN CROSSWALK,PEDESTRIAN
2024-02-29T23:45:00.000,BICYCLE,1309,N,MILWAUKEE AVE,41.905540493,-87.669664066,30,UNKNOWN,NO INDICATION OF INJURY,UNKNOWN,OTHER ACTION,IN ROADWAY,PEDALCYCLIST
2024-02-27T10:25:00.000,PEDESTRIAN,1234,W,ERIE ST,41.893585303,-87.658786045,30,OTHER,NONINCAPACITATING INJURY,NOT OBSCURED,WORKING IN ROADWAY,IN ROADWAY,PEDESTRIAN
2024-02-24T12:30:00.000,BICYCLE,2400,N,MILWAUKEE AVE,41.924727462,-87.700552669,30,FAILED TO YIELD,NO INDICATION OF INJURY,NOT OBSCURED,CROSSING - AGAINST SIGNAL,IN CROSSWALK,PEDALCYCLIST
2024-02-23T19:10:00.000,PEDESTRIAN,2301,N,MILWAUKEE AVE,41.923009387,-87.69729638,35,NONE,NONINCAPACITATING INJURY,NOT OBSCURED,CROSSING - WITH SIGNAL,IN CROSSWALK,PEDESTRIAN
2024-02-18T13:51:00.000,PEDESTRIAN,2900,W,FULLERTON AVE,41.924894652,-87.699893727,30,,INCAPACITATING INJURY,UNKNOWN,UNKNOWN/NA,IN ROADWAY,PEDESTRIAN