crash_date_time,person_type,street_no,street_direction,street_name,latitude,longitude,posted_speed_limit,driver_action,injury_classification,driver_vision,pedpedal_action,pedpedal_location,first_crash_type
2023-07-21T16:49:00.000,PEDESTRIAN,1390,N,WOLCOTT AVE,41.907163472,-87.673028399,30,NONE,NONINCAPACITATING INJURY,NOT OBSCURED,CROSSING - WITH SIGNAL,IN CROSSWALK,PEDESTRIAN
2023-07-18T08:35:00.000,BICYCLE,955,N,HOYNE AVE,41.89934101,-87.679448597,30,UNKNOWN,"REPORTED, NOT EVIDENT",UNKNOWN,WITH TRAFFIC,IN ROADWAY,PEDALCYCLIST
2023-07-14T21:56:00.000,PEDESTRIAN,1932,N,MILWAUKEE AVE,41.916523129,-87.687169786,30,NONE,"REPORTED, NOT EVIDENT",UNKNOWN,UNKNOWN/NA,IN CROSSWALK,PEDESTRIAN
2023-07-14T15:10:00.000,BICYCLE,1549,N,LEAVITT ST,41.910045125,-87.682189505,30,NONE,NO INDICATION OF INJURY,NOT OBSCURED,OTHER ACTION,IN ROADWAY,PEDALCYCLIST
2023-07-14T10:01:00.000,PEDESTRIAN,2330,N,WASHTENAW AVE,41.923826791,-87.69573282,30,,NONINCAPACITATING INJURY,,CROSSING - WITH SIGNAL,IN CROSSWALK,PEDESTRIAN
2023-07-13T08:00:00.000,BICYCLE,1600,N,DAMEN AVE,41.910588421,-87.67764382,30,OTHER,"REPORTED, NOT EVIDENT",UNKNOWN,OTHER ACTION,IN ROADWAY,PEDALCYCLIST
2023-07-12T17:21:00.000,BICYCLE,1357,N,MILWAUKEE AVE,41.906595842,-87.671323023,30,NONE,INCAPACITATING INJURY,NOT OBSCURED,WITH TRAFFIC,BIKEWAY,PEDALCYCLIST
2023-07-11T14:30:00.000,PEDESTRIAN,1816,W,DIVISION ST,41.90336466,-87.673082258,30,UNKNOWN,NONINCAPACITATING INJURY,UNKNOWN,CROSSING - NO CONTROLS (NOT AT INTERSECTION),IN CROSSWALK,PEDESTRIAN
2023-07-11T11:00:00.000,BICYCLE,2485,N,WESTERN AVE,41.926387233,-87.687550789,30,NONE,"REPORTED, NOT EVIDENT",NOT OBSCURED,WITH TRAFFIC,IN ROADWAY,PEDALCYCLIST
2023-07-10T14:40:00.000,PEDESTRIAN,2340,N,SACRAMENTO AVE,41.924539597,-87.702459415,30,NONE,NONINCAPACITATING INJURY,NOT OBSCURED,OTHER ACTION,NOT IN ROADWAY,PEDESTRIAN
2023-07-07T15:29:00.000,BICYCLE,1200,N,MILWAUKEE AVE,41.903307804,-87.666632088,30,NONE,NONINCAPACITATING INJURY,NOT OBSCURED,UNKNOWN/NA,BIKE LANE,PEDALCYCLIST
2023-07-06T12:55:00.000,BICYCLE,1601,W,WALTON ST,41.898461463,-87.667418457,30,OTHER,NONINCAPACITATING INJURY,UNKNOWN,OTHER ACTION,IN ROADWAY,PEDALCYCLIST
2023-07-06T08:45:00.000,BICYCLE,2150,N,CALIFORNIA AVE,41.921103325,-87.697451822,25,NONE,NO INDICATION OF INJURY,NOT OBSCURED,WITH TRAFFIC,BIKE LANE,PEDALCYCLIST
2023-07-04T18:20:00.000,BICYCLE,1977,N,MILWAUKEE AVE,41.917497037,-87.68825459,30,NONE,NONINCAPACITATING INJURY,UNKNOWN,WITH TRAFFIC,BIKE LANE,PEDALCYCLIST
2023-07-04T18:20:00.000,PEDESTRIAN,1977,N,MILWAUKEE AVE,41.917497037,-87.68825459,30,NONE,NONINCAPACITATING INJURY,UNKNOWN,NO ACTION,BIKE LANE,PEDALCYCLIST
2023-07-04T18:20:00.000,PEDESTRIAN,1977,N,MILWAUKEE AVE,41.917497037,-87.68825459,30,NONE,NONINCAPACITATING INJURY,UNKNOWN,NO ACTION,BIKE LANE,PEDALCYCLIST
2023-06-30T18:00:00.000,BICYCLE,1422,N,HONORE ST,41.908809998,-87.675642718,20,NONE,NO INDICATION OF INJURY,UNKNOWN,WITH TRAFFIC,BIKE LANE,PEDALCYCLIST
2023-06-30T15:52:00.000,BICYCLE,1525,N,MILWAUKEE AVE,41.909308606,-87.675569101,30,UNKNOWN,NO INDICATION OF INJURY,UNKNOWN,NO ACTION,BIKEWAY,PEDALCYCLIST
2023-06-29T15:44:00.000,BICYCLE,1408,N,MILWAUKEE AVE,41.90742473,-87.673073674,30,NONE,NONINCAPACITATING INJURY,UNKNOWN,OTHER ACTION,IN ROADWAY,PEDALCYCLIST
2023-06-27T16:35:00.000,PEDESTRIAN,551,N,OGDEN AVE,41.892383831,-87.657726973,30,IMPROPER PASSING,NONINCAPACITATING INJURY,NOT OBSCURED,WITH TRAFFIC,IN ROADWAY,PEDESTRIAN
2023-06-24T23:04:00.000,BICYCLE,2333,N,MILWAUKEE AVE,41.923695255,-87.698408551,30,NONE,INCAPACITATING INJURY,NOT OBSCURED,UNKNOWN/NA,IN ROADWAY,PEDALCYCLIST
2023-06-23T10:20:00.000,BICYCLE,2100,N,MILWAUKEE AVE,41.919351155,-87.69177239,20,NONE,INCAPACITATING INJURY,NOT OBSCURED,TURNING LEFT,IN ROADWAY,PEDALCYCLIST
2023-06-21T14:44:00.000,BICYCLE,2399,N,MILWAUKEE AVE,41.924816741,-87.700234498,30,FAILED TO YIELD,NONINCAPACITATING INJURY,UNKNOWN,WITH TRAFFIC,BIKE LANE,PEDALCYCLIST
2023-06-21T08:30:00.000,BICYCLE,2147,W,AUGUSTA BLVD,41.8993667,-87.681464702,30,UNKNOWN,NONINCAPACITATING INJURY,NOT OBSCURED,NO ACTION,BIKEWAY,PEDALCYCLIST
2023-06-15T12:30:00.000,BICYCLE,1913,N,ROCKWELL ST,41.916142389,-87.692117034,30,NONE,NONINCAPACITATING INJURY,NOT OBSCURED,WITH TRAFFIC,IN ROADWAY,PEDALCYCLIST
2023-06-14T22:03:00.000,BICYCLE,1551,N,MILWAUKEE AVE,41.909780817,-87.676307236,30,UNKNOWN,NONINCAPACITATING INJURY,UNKNOWN,WITH TRAFFIC,BIKE LANE,PEDALCYCLIST
2023-06-14T16:48:00.000,BICYCLE,1213,N,ASHLAND AVE,41.903834955,-87.66736116,30,FAILED TO YIELD,NONINCAPACITATING INJURY,,WITH TRAFFIC,IN ROADWAY,PEDALCYCLIST
2023-06-10T01:30:00.000,PEDESTRIAN,1583,N,MILWAUKEE AVE,41.91036556,-87.67720678,30,UNKNOWN,NONINCAPACITATING INJURY,UNKNOWN,OTHER ACTION,UNKNOWN/NA,PEDESTRIAN
2023-06-09T16:43:00.000,PEDESTRIAN,2600,N,CALIFORNIA AVE,41.928788244,-87.697672173,30,NONE,NONINCAPACITATING INJURY,NOT OBSCURED,AGAINST TRAFFIC,NOT IN ROADWAY,PEDESTRIAN
2023-06-09T12:40:00.000,BICYCLE,2350,W,NORTH AVE,41.910437131,-87.686823788,30,FAILED TO YIELD,NO INDICATION OF INJURY,UNKNOWN,TURNING RIGHT,IN ROADWAY,PEDALCYCLIST
2023-06-08T13:00:00.000,PEDESTRIAN,2134,N,WESTERN AVE,41.920932147,-87.687666009,20,NONE,"REPORTED, NOT EVIDENT",UNKNOWN,NO ACTION,IN CROSSWALK,PEDESTRIAN
2023-06-01T18:40:00.000,BICYCLE,1519,N,MILWAUKEE AVE,41.909199636,-87.675398761,30,OTHER,NO INDICATION OF INJURY,UNKNOWN,WITH TRAFFIC,BIKE LANE,PEDALCYCLIST
2023-05-30T18:00:00.000,BICYCLE,1273,N,MILWAUKEE AVE,41.90498112,-87.668784748,30,NONE,NONINCAPACITATING INJURY,UNKNOWN,WITH TRAFFIC,BIKE LANE,PEDALCYCLIST
2023-05-26T21:30:00.000,BICYCLE,1899,W,AUGUSTA BLVD,41.89948212,-87.674647194,30,NONE,NO INDICATION OF INJURY,NOT OBSCURED,CROSSING - WITH SIGNAL,IN ROADWAY,PEDALCYCLIST
2023-05-26T16:05:00.000,BICYCLE,1547,N,MILWAUKEE AVE,41.909708169,-87.676193676,30,NONE,NONINCAPACITATING INJURY,NOT OBSCURED,WITH TRAFFIC,BIKEWAY,PEDALCYCLIST
2023-05-26T06:58:00.000,BICYCLE,1500,W,DIVISION ST,41.903481367,-87.665102686,30,OTHER,INCAPACITATING INJURY,NOT OBSCURED,CROSSING - NO CONTROLS (AT INTERSECTION),IN ROADWAY,PEDALCYCLIST
2023-05-25T16:30:00.000,PEDESTRIAN,2700,W,FULLERTON AVE,41.92494135,-87.69500315,30,OTHER,NONINCAPACITATING INJURY,NOT OBSCURED,CROSSING - NO CONTROLS (AT INTERSECTION),IN CROSSWALK,PEDESTRIAN
2023-05-25T16:00:00.000,BICYCLE,1702,W,DIVISION ST,41.903406574,-87.670516955,30,NONE,"REPORTED, NOT EVIDENT",NOT OBSCURED,TURNING LEFT,IN ROADWAY,PEDALCYCLIST
2023-05-24T19:25:00.000,BICYCLE,2014,W,NORTH AVE,41.910583292,-87.677942724,30,IMPROPER LANE CHANGE,NONINCAPACITATING INJURY,NOT OBSCURED,WITH TRAFFIC,IN ROADWAY,PEDALCYCLIST
2023-05-24T16:45:00.000,PEDESTRIAN,1601,N,MILWAUKEE AVE,41.910608138,-87.677577279,35,UNKNOWN,NONINCAPACITATING INJURY,NOT OBSCURED,CROSSING - WITH SIGNAL,IN CROSSWALK,PEDESTRIAN
2023-05-23T15:50:00.000,BICYCLE,1600,N,ASHLAND AVE,41.910719243,-87.667840807,30,UNKNOWN,NO INDICATION OF INJURY,UNKNOWN,CROSSING - AGAINST SIGNAL,IN ROADWAY,PEDALCYCLIST
2023-05-20T21:30:00.000,BICYCLE,1422,N,MILWAUKEE AVE,41.907715415,-87.673528568,30,NONE,NONINCAPACITATING INJURY,NOT OBSCURED,UNKNOWN/NA,BIKE LANE,PEDALCYCLIST
2023-05-20T20:17:00.000,BICYCLE,1511,N,MILWAUKEE AVE,41.909037654,-87.675145922,30,UNKNOWN,NONINCAPACITATING INJURY,UNKNOWN,WITH TRAFFIC,IN ROADWAY,PEDALCYCLIST
2023-05-20T14:18:00.000,BICYCLE,2349,N,MILWAUKEE AVE,41.924001294,-87.69890951,30,NONE,INCAPACITATING INJURY,NOT OBSCURED,WITH TRAFFIC,BIKEWAY,PEDALCYCLIST
2023-05-16T17:01:00.000,BICYCLE,1400,N,MILWAUKEE AVE,41.907258596,-87.67281319,25,UNKNOWN,NO INDICATION OF INJURY,UNKNOWN,CROSSING - WITH SIGNAL,BIKE LANE,PEDALCYCLIST
2023-05-12T14:57:00.000,BICYCLE,1384,N,MILWAUKEE AVE,41.906885612,-87.672228124,30,NONE,NONINCAPACITATING INJURY,UNKNOWN,WITH TRAFFIC,BIKE LANE,PEDALCYCLIST
2023-05-07T11:10:00.000,BICYCLE,1474,N,MILWAUKEE AVE,41.908611226,-87.674932052,30,UNKNOWN,NONINCAPACITATING INJURY,UNKNOWN,WITH TRAFFIC,IN ROADWAY,PEDALCYCLIST
2023-05-07T00:05:00.000,PEDESTRIAN,501,N,OGDEN AVE,41.89103918,-87.658870519,30,NONE,NONINCAPACITATING INJURY,UNKNOWN,NOT AT INTERSECTION,IN ROADWAY,PEDESTRIAN
2023-05-07T00:05:00.000,PEDESTRIAN,501,N,OGDEN AVE,41.89103918,-87.658870519,30,NONE,NONINCAPACITATING INJURY,UNKNOWN,NOT AT INTERSECTION,IN ROADWAY,PEDESTRIAN
2023-05-05T21:50:00.000,PEDESTRIAN,1198,N,ASHLAND AVE,41.903298195,-87.667640814,30,NONE,"REPORTED, NOT EVIDENT",UNKNOWN,CROSSING - WITH SIGNAL,IN CROSSWALK,PEDESTRIAN
2023-05-04T15:45:00.000,BICYCLE,1033,N,WOOD ST,41.900610821,-87.672164843,30,NONE,NONINCAPACITATING INJURY,UNKNOWN,OTHER ACTION,IN ROADWAY,PEDALCYCLIST
2023-05-04T08:15:00.000,PEDESTRIAN,2731,W,PRINDIVILLE ST,41.920878977,-87.696126027,15,NONE,NO INDICATION OF INJURY,UNKNOWN,STANDING IN ROADWAY,IN ROADWAY,PEDESTRIAN
2023-04-30T19:23:00.000,PEDESTRIAN,2423,W,NORTH AVE,41.910198851,-87.688209819,30,FAILED TO YIELD,INCAPACITATING INJURY,NOT OBSCURED,CROSSING - NO CONTROLS (NOT AT INTERSECTION),IN ROADWAY,PEDESTRIAN
2023-04-28T11:30:00.000,BICYCLE,1484,N,MILWAUKEE AVE,41.908871127,-87.675337425,30,NONE,INCAPACITATING INJURY,NOT OBSCURED,WITH TRAFFIC,BIKEWAY,PEDALCYCLIST
2023-04-24T16:10:00.000,BICYCLE,1440,N,MILWAUKEE AVE,41.907980573,-87.673945167,30,NONE,NONINCAPACITATING INJURY,NOT OBSCURED,WITH TRAFFIC,BIKE LANE,PEDALCYCLIST
2023-04-23T13:22:00.000,PEDESTRIAN,2098,N,CALIFORNIA AVE,41.919581445,-87.697407828,30,OTHER,NONINCAPACITATING INJURY,NOT OBSCURED,CROSSING - NO CONTROLS (AT INTERSECTION),IN CROSSWALK,PEDESTRIAN
2023-04-23T13:22:00.000,PEDESTRIAN,2098,N,CALIFORNIA AVE,41.919581445,-87.697407828,30,,NONINCAPACITATING INJURY,NOT OBSCURED,CROSSING - NO CONTROLS (AT INTERSECTION),IN CROSSWALK,PEDESTRIAN
2023-04-22T19:59:00.000,BICYCLE,1600,N,LEAVITT ST,41.910431233,-87.682494789,30,NONE,NONINCAPACITATING INJURY,NOT OBSCURED,CROSSING - WITH SIGNAL,IN ROADWAY,PEDALCYCLIST
2023-04-21T16:23:00.000,PEDESTRIAN,758,N,ASHLAND AVE,41.896025497,-87.667437127,30,UNKNOWN,NONINCAPACITATING INJURY,UNKNOWN,PARKED VEHICLE,IN ROADWAY,PARKED MOTOR VEHICLE
2023-04-19T07:54:00.000,PEDESTRIAN,1200,N,ASHLAND AVE,41.903377468,-87.667643142,30,NONE,"REPORTED, NOT EVIDENT",,CROSSING - WITH SIGNAL,IN CROSSWALK,PEDESTRIAN
2023-04-18T07:32:00.000,PEDESTRIAN,2755,W,CORTLAND ST,41.915565152,-87.696926809,30,OTHER,NONINCAPACITATING INJURY,UNKNOWN,CROSSING - NO CONTROLS (AT INTERSECTION),IN CROSSWALK,PEDESTRIAN
2023-04-07T15:38:00.000,PEDESTRIAN,1398,N,ASHLAND AVE,41.906905992,-87.667734557,30,UNKNOWN,"REPORTED, NOT EVIDENT",NOT OBSCURED,CROSSING - WITH SIGNAL,IN CROSSWALK,PEDESTRIAN
2023-04-02T16:42:00.000,BICYCLE,2415,W,MEDILL AVE,41.923956873,-87.688256212,30,NONE,NONINCAPACITATING INJURY,NOT OBSCURED,TURNING LEFT,IN ROADWAY,PEDALCYCLIST
2023-04-02T16:20:00.000,PEDESTRIAN,2021,N,CAMPBELL AVE,41.918226682,-87.689037814,30,NONE,NONINCAPACITATING INJURY,NOT OBSCURED,CROSSING - NO CONTROLS (NOT AT INTERSECTION),IN CROSSWALK,PEDESTRIAN
2023-03-31T22:08:00.000,PEDESTRIAN,3000,W,DIVERSEY AVE,41.932168025,-87.702586092,30,UNKNOWN,NONINCAPACITATING INJURY,UNKNOWN,CROSSING - WITH SIGNAL,IN CROSSWALK,PEDESTRIAN
2023-03-28T05:55:00.000,BICYCLE,2801,W,SHAKESPEARE AVE,41.920532968,-87.697359338,30,NONE,NO INDICATION OF INJURY,NOT OBSCURED,CROSSING - NO CONTROLS (AT INTERSECTION),BIKE LANE,PEDALCYCLIST
2023-03-26T18:35:00.000,PEDESTRIAN,2200,W,NORTH AVE,41.910502517,-87.682409763,30,NONE,NO INDICATION OF INJURY,UNKNOWN,CROSSING - WITH SIGNAL,IN CROSSWALK,PEDESTRIAN
2023-03-21T16:20:00.000,BICYCLE,1399,N,WOOD ST,41.906389704,-87.67126834,30,FAILED TO YIELD,NO INDICATION OF INJURY,UNKNOWN,CROSSING - CONTROLS PRESENT (NOT AT INTERSECTION),BIKEWAY,PEDALCYCLIST
2023-03-12T19:34:00.000,BICYCLE,2246,N,MILWAUKEE AVE,41.921614362,-87.695481429,30,NONE,NO INDICATION OF INJURY,UNKNOWN,WITH TRAFFIC,BIKEWAY,PEDALCYCLIST
2023-03-10T12:05:00.000,PEDESTRIAN,2234,N,WESTERN AVE,41.922650691,-87.687719672,30,NONE,"REPORTED, NOT EVIDENT",OTHER,UNKNOWN/NA,IN CROSSWALK,PEDESTRIAN
2023-03-09T18:35:00.000,PEDESTRIAN,1600,W,DIVISION ST,41.903455316,-87.667558994,30,NONE,NO INDICATION OF INJURY,NOT OBSCURED,CROSSING - WITH SIGNAL,IN CROSSWALK,PEDESTRIAN
2023-03-07T11:45:00.000,PEDESTRIAN,1601,N,WESTERN AVE,41.910413835,-87.687076441,30,NONE,"REPORTED, NOT EVIDENT",NOT OBSCURED,CROSSING - WITH SIGNAL,IN CROSSWALK,PEDESTRIAN
2023-02-28T19:38:00.000,PEDESTRIAN,1601,N,WESTERN AVE,41.910413835,-87.687076441,30,NONE,NONINCAPACITATING INJURY,UNKNOWN,CROSSING - AGAINST SIGNAL,IN CROSSWALK,PEDESTRIAN
2023-02-27T17:15:00.000,BICYCLE,1520,N,DAMEN AVE,41.9089214,-87.677567796,30,FAILED TO YIELD,NO INDICATION OF INJURY,UNKNOWN,CROSSING - NO CONTROLS (AT INTERSECTION),IN ROADWAY,PEDALCYCLIST
2023-02-22T17:53:00.000,PEDESTRIAN,3000,W,DIVERSEY AVE,41.932168025,-87.702586092,30,NONE,NONINCAPACITATING INJURY,NOT OBSCURED,CROSSING - WITH SIGNAL,IN ROADWAY,PEDESTRIAN
2023-02-21T14:00:00.000,BICYCLE,1418,N,MILWAUKEE AVE,41.907632504,-87.673398735,30,NONE,NO INDICATION OF INJURY,NOT OBSCURED,WITH TRAFFIC,IN ROADWAY,PEDALCYCLIST
2023-02-19T11:25:00.000,PEDESTRIAN,1400,W,AUGUSTA BLVD,41.899893848,-87.662628756,25,NONE,NONINCAPACITATING INJURY,NOT OBSCURED,CROSSING - WITH SIGNAL,IN CROSSWALK,PEDESTRIAN
2023-02-19T11:25:00.000,BICYCLE,1400,W,AUGUSTA BLVD,41.899893848,-87.662628756,25,NONE,NONINCAPACITATING INJURY,OTHER,CROSSING - WITH SIGNAL,IN CROSSWALK,PEDESTRIAN
2023-02-16T17:30:00.000,PEDESTRIAN,2476,W,LOGAN BLVD,41.928614301,-87.690134634,30,NONE,NONINCAPACITATING INJURY,OTHER,CROSSING - NO CONTROLS (NOT AT INTERSECTION),IN ROADWAY,PEDESTRIAN
2023-02-14T23:35:00.000,PEDESTRIAN,2301,N,MILWAUKEE AVE,41.923009387,-87.69729638,30,UNKNOWN,NONINCAPACITATING INJURY,NOT OBSCURED,UNKNOWN/NA,UNKNOWN/NA,PEDESTRIAN
2023-02-14T17:10:00.000,BICYCLE,1558,W,BLACKHAWK ST,41.907106653,-87.667502425,30,UNKNOWN,NO INDICATION OF INJURY,NOT OBSCURED,WITH TRAFFIC,SHOULDER,PEDALCYCLIST
2023-02-10T14:07:00.000,PEDESTRIAN,2507,N,MILWAUKEE AVE,41.927009672,-87.703809871,25,UNKNOWN,NONINCAPACITATING INJURY,UNKNOWN,CROSSING - WITH SIGNAL,IN CROSSWALK,PEDESTRIAN
2023-02-07T15:43:00.000,BICYCLE,1628,W,AUGUSTA BLVD,41.899798305,-87.668544532,30,NONE,NONINCAPACITATING INJURY,NOT OBSCURED,OTHER ACTION,BIKE LANE,PEDALCYCLIST
2023-02-02T15:00:00.000,PEDESTRIAN,756,N,ASHLAND AVE,41.896025497,-87.667437127,30,NONE,NO INDICATION OF INJURY,NOT OBSCURED,CROSSING - WITH SIGNAL,IN CROSSWALK,PEDESTRIAN
2023-01-31T14:37:00.000,PEDESTRIAN,1514,W,CHICAGO AVE,41.896210312,-87.665539357,30,NONE,NONINCAPACITATING INJURY,UNKNOWN,CROSSING - NO CONTROLS (AT INTERSECTION),IN CROSSWALK,PEDESTRIAN
2023-01-26T17:23:00.000,BICYCLE,1303,N,MILWAUKEE AVE,41.905411209,-87.669458238,30,NONE,NONINCAPACITATING INJURY,NOT OBSCURED,WITH TRAFFIC,BIKE LANE,PEDALCYCLIST
2023-01-19T18:45:00.000,PEDESTRIAN,1732,W,AUGUSTA BLVD,41.899760883,-87.671001294,30,NONE,NONINCAPACITATING INJURY,NOT OBSCURED,CROSSING - NO CONTROLS (AT INTERSECTION),IN CROSSWALK,PEDESTRIAN
2023-01-14T15:10:00.000,PEDESTRIAN,1927,W,NORTH AVE,41.910397186,-87.676181096,30,FAILED TO YIELD,NONINCAPACITATING INJURY,UNKNOWN,CROSSING - NO CONTROLS (NOT AT INTERSECTION),IN ROADWAY,PEDESTRIAN
2023-01-13T14:50:00.000,PEDESTRIAN,2236,N,ROCKWELL ST,41.9228282,-87.692936375,20,NONE,NONINCAPACITATING INJURY,NOT OBSCURED,OTHER ACTION,IN ROADWAY,PEDESTRIAN
2023-01-10T08:16:00.000,BICYCLE,2352,N,MILWAUKEE AVE,41.923873095,-87.699162854,30,NONE,"REPORTED, NOT EVIDENT",NOT OBSCURED,WITH TRAFFIC,BIKE LANE,PEDALCYCLIST
2023-01-01T15:18:00.000,PEDESTRIAN,3002,W,DIVERSEY AVE,41.932166778,-87.702671269,30,NONE,INCAPACITATING INJURY,UNKNOWN,CROSSING - WITH SIGNAL,IN CROSSWALK,PEDESTRIAN
2023-01-01T01:56:00.000,BICYCLE,2000,W,NORTH AVE,41.910582764,-87.677701677,30,,NO INDICATION OF INJURY,,CROSSING - AGAINST SIGNAL,IN ROADWAY,PEDALCYCLIST
2022-12-29T17:25:00.000,PEDESTRIAN,759,N,ASHLAND AVE,41.896030052,-87.667143359,30,NONE,NONINCAPACITATING INJURY,NOT OBSCURED,CROSSING - WITH SIGNAL,IN CROSSWALK,PEDESTRIAN
2022-12-21T18:20:00.000,BICYCLE,1527,N,DAMEN AVE,41.909086322,-87.677279376,30,NONE,INCAPACITATING INJURY,UNKNOWN,WITH TRAFFIC,IN ROADWAY,OTHER NONCOLLISION
2022-12-20T23:25:00.000,PEDESTRIAN,2569,N,MILWAUKEE AVE,41.928078074,-87.705552055,30,OTHER,NONINCAPACITATING INJURY,NOT OBSCURED,CROSSING - WITH SIGNAL,IN CROSSWALK,PEDESTRIAN
2022-12-20T16:56:00.000,BICYCLE,1804,W,CHICAGO AVE,41.896096602,-87.672449914,30,NONE,NO INDICATION OF INJURY,NOT OBSCURED,WITH TRAFFIC,IN ROADWAY,PEDALCYCLIST
2022-12-14T18:30:00.000,PEDESTRIAN,1165,N,MILWAUKEE AVE,41.903005039,-87.665706544,35,UNKNOWN,INCAPACITATING INJURY,UNKNOWN,UNKNOWN/NA,UNKNOWN/NA,PEDESTRIAN
2022-12-14T08:30:00.000,PEDESTRIAN,2145,N,CALIFORNIA AVE,41.920836231,-87.697150055,30,NONE,NONINCAPACITATING INJURY,NOT OBSCURED,CROSSING - WITH SIGNAL,IN ROADWAY,PEDESTRIAN
2022-12-13T12:50:00.000,PEDESTRIAN,1329,N,DAMEN AVE,41.905901222,-87.677190503,30,OTHER,INCAPACITATING INJURY,NOT OBSCURED,CROSSING - NO CONTROLS (AT INTERSECTION),BIKE LANE,PEDESTRIAN
2022-12-09T22:15:00.000,PEDESTRIAN,958,N,ASHLAND AVE,41.899605608,-87.667536571,30,NONE,NONINCAPACITATING INJURY,NOT OBSCURED,CROSSING - WITH SIGNAL,IN CROSSWALK,PEDESTRIAN
2022-12-01T08:35:00.000,PEDESTRIAN,2202,N,KEDZIE BLVD,41.921153074,-87.707247996,30,OTHER,NONINCAPACITATING INJURY,NOT OBSCURED,CROSSING - NO CONTROLS (AT INTERSECTION),IN ROADWAY,PEDESTRIAN
2022-11-30T13:30:00.000,BICYCLE,1532,N,HONORE ST,41.909508843,-87.674061259,30,DISREGARDED CONTROL DEVICES,NO INDICATION OF INJURY,UNKNOWN,UNKNOWN/NA,IN ROADWAY,PEDALCYCLIST
2022-11-25T12:20:00.000,PEDESTRIAN,1828,N,WESTERN AVE,41.914845613,-87.687486877,30,,NONINCAPACITATING INJURY,,WITH TRAFFIC,IN ROADWAY,PEDESTRIAN
2022-11-20T14:00:00.000,PEDESTRIAN,1252,N,DAMEN AVE,41.904884204,-87.677451481,30,NONE,NONINCAPACITATING INJURY,NOT OBSCURED,CROSSING - NO CONTROLS (AT INTERSECTION),IN CROSSWALK,PEDESTRIAN
2022-11-19T14:00:00.000,BICYCLE,2246,N,MILWAUKEE AVE,41.921614362,-87.695481429,30,UNKNOWN,"REPORTED, NOT EVIDENT",NOT OBSCURED,WITH TRAFFIC,BIKE LANE,PEDALCYCLIST
2022-11-18T19:25:00.000,PEDESTRIAN,1041,N,WOOD ST,41.900837842,-87.672171263,30,NONE,NONINCAPACITATING INJURY,NOT OBSCURED,UNKNOWN/NA,IN CROSSWALK,PEDESTRIAN
2022-11-17T08:18:00.000,BICYCLE,2300,W,AUGUSTA BLVD,41.899528634,-87.684613132,25,DISREGARDED CONTROL DEVICES,NONINCAPACITATING INJURY,UNKNOWN,CROSSING - AGAINST SIGNAL,IN ROADWAY,PEDALCYCLIST