crash_date_time,person_type,street_no,street_direction,street_name,latitude,longitude,posted_speed_limit,driver_action,injury_classification,driver_vision,pedpedal_action,pedpedal_location,first_crash_type
2022-11-16T18:15:00.000,PEDESTRIAN,1701,W,DIVISION ST,41.903195593,-87.669965312,30,NONE,NONINCAPACITATING INJURY,NOT OBSCURED,CROSSING - NO CONTROLS (AT INTERSECTION),IN CROSSWALK,PEDESTRIAN
2022-11-13T15:30:00.000,BICYCLE,2600,N,WESTERN AVE,41.92866979,-87.687922236,30,UNKNOWN,NO INDICATION OF INJURY,NOT OBSCURED,CROSSING - WITH SIGNAL,BIKEWAY,PEDALCYCLIST
2022-11-11T17:24:00.000,PEDESTRIAN,2071,N,WESTERN AVE,41.919640596,-87.68733036,30,NONE,INCAPACITATING INJURY,NOT OBSCURED,CROSSING - NO CONTROLS (NOT AT INTERSECTION),IN ROADWAY,PEDESTRIAN
2022-11-09T17:00:00.000,BICYCLE,1400,N,DAMEN AVE,41.907194665,-87.677522231,30,UNKNOWN,"REPORTED, NOT EVIDENT",NOT OBSCURED,WITH TRAFFIC,IN ROADWAY,PEDALCYCLIST
2022-11-04T19:22:00.000,BICYCLE,3000,W,FULLERTON AVE,41.924871243,-87.702436659,30,NONE,"REPORTED, NOT EVIDENT",UNKNOWN,CROSSING - CONTROLS PRESENT (NOT AT INTERSECTION),IN ROADWAY,PEDALCYCLIST
2022-11-04T08:15:00.000,BICYCLE,1531,N,DAMEN AVE,41.909192059,-87.677282907,30,NONE,NO INDICATION OF INJURY,NOT OBSCURED,WITH TRAFFIC,BIKEWAY,PEDALCYCLIST
2022-11-02T14:40:00.000,PEDESTRIAN,1434,W,DIVISION ST,41.903496699,-87.663894354,30,UNKNOWN,NONINCAPACITATING INJURY,UNKNOWN,CROSSING - WITH SIGNAL,IN CROSSWALK,PEDESTRIAN
2022-11-01T18:32:00.000,BICYCLE,1820,W,DIVISION ST,41.903361979,-87.673245529,30,NONE,"REPORTED, NOT EVIDENT",UNKNOWN,CROSSING - NO CONTROLS (AT INTERSECTION),IN ROADWAY,PEDALCYCLIST
2022-10-31T22:42:00.000,PEDESTRIAN,1801,W,DIVISION ST,41.903156154,-87.672422319,30,NONE,NO INDICATION OF INJURY,NOT OBSCURED,CROSSING - WITH SIGNAL,IN CROSSWALK,PEDESTRIAN
2022-10-30T00:30:00.000,PEDESTRIAN,2540,W,CHARLESTON ST,41.920068864,-87.690930797,30,OTHER,NONINCAPACITATING INJURY,OTHER,OTHER ACTION,IN ROADWAY,PEDESTRIAN
2022-10-28T23:11:00.000,PEDESTRIAN,2442,N,MILWAUKEE AVE,41.925577574,-87.701942534,30,NONE,NONINCAPACITATING INJURY,NOT OBSCURED,CROSSING - NO CONTROLS (NOT AT INTERSECTION),IN ROADWAY,PEDESTRIAN
2022-10-27T15:30:00.000,PEDESTRIAN,1438,N,WOOD ST,41.90831906,-87.672661479,15,NONE,NONINCAPACITATING INJURY,UNKNOWN,CROSSING - NO CONTROLS (AT INTERSECTION),IN CROSSWALK,PEDESTRIAN
2022-10-26T18:22:00.000,BICYCLE,1448,N,LEAVITT ST,41.9081903,-87.682432944,30,NONE,INCAPACITATING INJURY,NOT OBSCURED,OTHER ACTION,IN ROADWAY,PEDALCYCLIST
2022-10-26T08:00:00.000,PEDESTRIAN,1597,N,DAMEN AVE,41.910474701,-87.677421003,30,,NONINCAPACITATING INJURY,,CROSSING - NO CONTROLS (NOT AT INTERSECTION),IN ROADWAY,PEDESTRIAN
2022-10-25T18:50:00.000,PEDESTRIAN,1527,W,CHICAGO AVE,41.89598337,-87.665968713,30,FAILED TO YIELD,NONINCAPACITATING INJURY,UNKNOWN,CROSSING - NO CONTROLS (NOT AT INTERSECTION),IN ROADWAY,PEDESTRIAN
2022-10-24T19:00:00.000,BICYCLE,2200,N,ROCKWELL ST,41.921840591,-87.692907858,30,NONE,INCAPACITATING INJURY,NOT OBSCURED,NO ACTION,IN ROADWAY,PEDALCYCLIST
2022-10-24T09:24:00.000,PEDESTRIAN,2018,W,NORTH AVE,41.910583644,-87.678103422,30,FAILED TO YIELD,NONINCAPACITATING INJURY,OTHER,NOT AT INTERSECTION,IN ROADWAY,PEDESTRIAN
2022-10-22T13:45:00.000,BICYCLE,1226,N,MILWAUKEE AVE,41.903901042,-87.667557859,30,UNKNOWN,NO INDICATION OF INJURY,NOT OBSCURED,NO ACTION,BIKEWAY,PEDALCYCLIST
2022-10-16T14:10:00.000,BICYCLE,2400,W,DIVISION ST,41.903124899,-87.687070964,20,IMPROPER PASSING,NO INDICATION OF INJURY,UNKNOWN,WITH TRAFFIC,IN ROADWAY,PEDALCYCLIST
2022-10-11T15:33:00.000,BICYCLE,1209,N,MILWAUKEE AVE,41.903643726,-87.66670595,30,NONE,NO INDICATION OF INJURY,NOT OBSCURED,NO ACTION,IN ROADWAY,PEDALCYCLIST
2022-10-11T04:15:00.000,PEDESTRIAN,3103,W,ARMITAGE AVE,41.917301979,-87.705448733,30,NONE,NONINCAPACITATING INJURY,UNKNOWN,STANDING IN ROADWAY,IN ROADWAY,PEDESTRIAN
2022-10-07T17:30:00.000,PEDESTRIAN,1600,W,NORTH AVE,41.910739124,-87.667755542,30,FAILED TO YIELD,NO INDICATION OF INJURY,UNKNOWN,CROSSING - AGAINST SIGNAL,IN ROADWAY,PEDESTRIAN
2022-10-04T14:00:00.000,BICYCLE,1072,N,MILWAUKEE AVE,41.901283643,-87.663483625,30,UNKNOWN,NO INDICATION OF INJURY,UNKNOWN,WITH TRAFFIC,IN ROADWAY,PEDALCYCLIST
2022-10-04T08:20:00.000,BICYCLE,2020,N,CALIFORNIA AVE,41.918107124,-87.697365295,30,NONE,"REPORTED, NOT EVIDENT",NOT OBSCURED,NO ACTION,IN ROADWAY,PEDALCYCLIST
2022-09-30T19:01:00.000,PEDESTRIAN,1421,N,PAULINA ST,41.907548844,-87.669899958,35,NONE,NONINCAPACITATING INJURY,NOT OBSCURED,CROSSING - CONTROLS PRESENT (NOT AT INTERSECTION),IN CROSSWALK,PEDESTRIAN
2022-09-28T15:06:00.000,PEDESTRIAN,2400,W,ARMITAGE AVE,41.917677329,-87.687469877,25,NONE,NONINCAPACITATING INJURY,UNKNOWN,UNKNOWN/NA,IN CROSSWALK,PEDESTRIAN
2022-09-28T07:20:00.000,PEDESTRIAN,2701,W,ST GEORGES CT,41.921919406,-87.695895549,30,NONE,"REPORTED, NOT EVIDENT",NOT OBSCURED,CROSSING - CONTROLS PRESENT (NOT AT INTERSECTION),IN CROSSWALK,PEDESTRIAN
2022-09-27T19:02:00.000,PEDESTRIAN,1699,W,BEACH AVE,41.907466144,-87.669923305,25,NONE,NO INDICATION OF INJURY,UNKNOWN,UNKNOWN/NA,IN CROSSWALK,PEDESTRIAN
2022-09-25T20:46:00.000,PEDESTRIAN,2298,N,SACRAMENTO AVE,41.92321174,-87.702406132,30,NONE,NONINCAPACITATING INJURY,NOT OBSCURED,OTHER ACTION,IN CROSSWALK,PEDESTRIAN
2022-09-25T17:50:00.000,PEDESTRIAN,2644,N,WASHTENAW AVE,41.930044519,-87.695299522,30,UNKNOWN,NO INDICATION OF INJURY,UNKNOWN,AGAINST TRAFFIC,IN ROADWAY,PEDESTRIAN
2022-09-24T09:09:00.000,PEDESTRIAN,3000,W,FULLERTON AVE,41.924871243,-87.702436659,30,UNKNOWN,NONINCAPACITATING INJURY,UNKNOWN,CROSSING - NO CONTROLS (AT INTERSECTION),IN CROSSWALK,PEDESTRIAN
2022-09-23T05:38:00.000,PEDESTRIAN,1332,W,DIVISION ST,41.903536788,-87.661859583,30,,NONINCAPACITATING INJURY,NOT OBSCURED,CROSSING - WITH SIGNAL,IN CROSSWALK,PEDESTRIAN
2022-09-22T08:15:00.000,BICYCLE,2040,N,KEDZIE AVE,41.918616132,-87.707158777,20,UNKNOWN,NO INDICATION OF INJURY,UNKNOWN,UNKNOWN/NA,UNKNOWN/NA,PEDALCYCLIST
2022-09-21T18:21:00.000,BICYCLE,1965,N,MILWAUKEE AVE,41.917269104,-87.687897138,30,NONE,NO INDICATION OF INJURY,NOT OBSCURED,WITH TRAFFIC,BIKEWAY,PEDALCYCLIST
2022-09-18T14:25:00.000,BICYCLE,1601,W,NORTH AVE,41.910519635,-87.667749686,30,FAILED TO YIELD,NO INDICATION OF INJURY,UNKNOWN,CROSSING - NO CONTROLS (NOT AT INTERSECTION),IN ROADWAY,PEDALCYCLIST
2022-09-17T12:45:00.000,BICYCLE,2300,N,MILWAUKEE AVE,41.922842577,-87.697487482,30,NONE,NONINCAPACITATING INJURY,NOT OBSCURED,WITH TRAFFIC,BIKE LANE,PEDALCYCLIST
2022-09-16T09:30:00.000,BICYCLE,2100,W,NORTH AVE,41.910546981,-87.680108062,30,UNKNOWN,NO INDICATION OF INJURY,UNKNOWN,CROSSING - NO CONTROLS (AT INTERSECTION),IN CROSSWALK,PEDALCYCLIST
2022-09-15T17:50:00.000,BICYCLE,1456,N,ASHLAND AVE,41.908585008,-87.667781002,30,NONE,NONINCAPACITATING INJURY,NOT OBSCURED,NO ACTION,BIKEWAY,PEDALCYCLIST
2022-09-13T14:45:00.000,BICYCLE,1030,N,ASHLAND AVE,41.900636141,-87.667565198,30,NONE,NONINCAPACITATING INJURY,NOT OBSCURED,TURNING LEFT,IN ROADWAY,PEDALCYCLIST
2022-09-10T14:50:00.000,BICYCLE,1732,W,AUGUSTA BLVD,41.899760883,-87.671001294,30,NONE,NONINCAPACITATING INJURY,UNKNOWN,WITH TRAFFIC,BIKE LANE,PEDALCYCLIST
2022-09-09T23:02:00.000,PEDESTRIAN,1913,W,NORTH AVE,41.910405669,-87.675586571,30,NONE,INCAPACITATING INJURY,NOT OBSCURED,CROSSING - NO CONTROLS (NOT AT INTERSECTION),IN ROADWAY,PEDESTRIAN
2022-09-09T17:16:00.000,PEDESTRIAN,2100,W,SCHILLER ST,41.907204606,-87.679940463,20,UNKNOWN,NO INDICATION OF INJURY,UNKNOWN,UNKNOWN/NA,UNKNOWN/NA,PEDESTRIAN
2022-09-08T10:50:00.000,BICYCLE,1900,N,CALIFORNIA AVE,41.915761023,-87.697295811,30,OTHER,NO INDICATION OF INJURY,NOT OBSCURED,WITH TRAFFIC,IN ROADWAY,PEDALCYCLIST
2022-09-07T08:10:00.000,BICYCLE,1617,W,SUPERIOR ST,41.895035188,-87.667987236,20,OTHER,"REPORTED, NOT EVIDENT",NOT OBSCURED,WITH TRAFFIC,IN ROADWAY,PEDALCYCLIST
2022-09-06T12:45:00.000,PEDESTRIAN,429,N,OGDEN AVE,41.889716638,-87.659915791,30,NONE,NONINCAPACITATING INJURY,UNKNOWN,OTHER ACTION,IN ROADWAY,PEDESTRIAN
2022-09-05T16:40:00.000,BICYCLE,2158,W,AUGUSTA BLVD,41.899577949,-87.681927185,30,NONE,NONINCAPACITATING INJURY,NOT OBSCURED,CROSSING - WITH SIGNAL,BIKE LANE,PEDALCYCLIST
2022-09-04T05:02:00.000,PEDESTRIAN,1516,N,MILWAUKEE AVE,41.908995615,-87.675531656,30,NONE,INCAPACITATING INJURY,UNKNOWN,CROSSING - NO CONTROLS (NOT AT INTERSECTION),IN ROADWAY,PEDESTRIAN
2022-09-02T07:17:00.000,PEDESTRIAN,2025,N,CAMPBELL AVE,41.918354616,-87.689041163,30,NONE,"REPORTED, NOT EVIDENT",UNKNOWN,UNKNOWN/NA,NOT IN ROADWAY,PEDESTRIAN
2022-09-02T01:00:00.000,PEDESTRIAN,2401,W,FULLERTON AVE,41.924790416,-87.687701488,30,NONE,"REPORTED, NOT EVIDENT",UNKNOWN,CROSSING - WITH SIGNAL,IN CROSSWALK,PEDESTRIAN
2022-09-01T16:57:00.000,BICYCLE,1194,N,WOLCOTT AVE,41.903201787,-87.674967742,30,UNKNOWN,NO INDICATION OF INJURY,NOT OBSCURED,WITH TRAFFIC,BIKE LANE,PEDALCYCLIST
2022-08-30T18:45:00.000,BICYCLE,1456,N,MILWAUKEE AVE,41.908270042,-87.67439868,30,NONE,"REPORTED, NOT EVIDENT",NOT OBSCURED,WITH TRAFFIC,BIKEWAY,PEDALCYCLIST
2022-08-30T18:01:00.000,BICYCLE,2373,N,MILWAUKEE AVE,41.924445487,-87.699632719,35,NONE,NONINCAPACITATING INJURY,UNKNOWN,NO ACTION,BIKEWAY,PEDALCYCLIST
2022-08-26T00:59:00.000,PEDESTRIAN,2397,W,ARMITAGE AVE,41.917458076,-87.687384633,35,NONE,"REPORTED, NOT EVIDENT",NOT OBSCURED,CROSSING - NO CONTROLS (NOT AT INTERSECTION),UNKNOWN/NA,PEDESTRIAN
2022-08-25T20:10:00.000,BICYCLE,1385,N,MILWAUKEE AVE,41.907072426,-87.672068361,30,UNKNOWN,NO INDICATION OF INJURY,UNKNOWN,NO ACTION,BIKEWAY,PARKED MOTOR VEHICLE
2022-08-22T17:18:00.000,BICYCLE,1600,N,DAMEN AVE,41.910588421,-87.67764382,30,NONE,NO INDICATION OF INJURY,NOT OBSCURED,CROSSING - WITH SIGNAL,BIKE LANE,PEDALCYCLIST
2022-08-20T13:47:00.000,PEDESTRIAN,2935,W,FULLERTON AVE,41.924662101,-87.701360206,30,NONE,NONINCAPACITATING INJURY,NOT OBSCURED,CROSSING - WITH SIGNAL,IN CROSSWALK,PEDESTRIAN
2022-08-19T20:30:00.000,BICYCLE,1598,W,DIVISION ST,41.903456717,-87.667447219,30,UNKNOWN,NO INDICATION OF INJURY,UNKNOWN,CROSSING - AGAINST SIGNAL,IN ROADWAY,PEDALCYCLIST
2022-08-19T15:20:00.000,BICYCLE,2392,N,MILWAUKEE AVE,41.924646801,-87.700420596,30,NONE,NONINCAPACITATING INJURY,NOT OBSCURED,WITH TRAFFIC,BIKE LANE,PEDALCYCLIST
2022-08-19T07:40:00.000,BICYCLE,957,N,OAKLEY BLVD,41.89931517,-87.684337078,30,NONE,"REPORTED, NOT EVIDENT",NOT OBSCURED,TURNING LEFT,IN ROADWAY,PEDALCYCLIST
2022-08-17T17:50:00.000,BICYCLE,1958,N,MILWAUKEE AVE,41.91693959,-87.687828323,30,NONE,NONINCAPACITATING INJURY,NOT OBSCURED,NO ACTION,IN ROADWAY,PEDALCYCLIST
2022-08-17T07:05:00.000,BICYCLE,2400,W,NORTH AVE,41.910429862,-87.687284221,30,FAILED TO YIELD,NO INDICATION OF INJURY,NOT OBSCURED,WITH TRAFFIC,IN ROADWAY,PEDALCYCLIST
2022-08-12T17:50:00.000,BICYCLE,1550,N,MILWAUKEE AVE,41.90959687,-87.676471511,30,NONE,NO INDICATION OF INJURY,UNKNOWN,WITH TRAFFIC,BIKEWAY,PEDALCYCLIST
2022-08-12T15:57:00.000,PEDESTRIAN,2637,W,FULLERTON AVE,41.924730919,-87.693947685,30,FAILED TO YIELD,NONINCAPACITATING INJURY,UNKNOWN,CROSSING - NO CONTROLS (AT INTERSECTION),IN CROSSWALK,PEDESTRIAN
2022-08-12T15:56:00.000,BICYCLE,1600,N,LEAVITT ST,41.910431233,-87.682494789,30,NONE,NONINCAPACITATING INJURY,MOVING VEHICLES,WITH TRAFFIC,BIKE LANE,PEDALCYCLIST
2022-08-10T21:18:00.000,BICYCLE,1556,N,MILWAUKEE AVE,41.909702973,-87.676637369,30,NONE,NONINCAPACITATING INJURY,PARKED VEHICLES,WITH TRAFFIC,BIKE LANE,PEDALCYCLIST
2022-08-06T14:05:00.000,BICYCLE,1539,N,DAMEN AVE,41.909431231,-87.677289452,30,UNKNOWN,NONINCAPACITATING INJURY,UNKNOWN,WITH TRAFFIC,BIKEWAY,PEDALCYCLIST
2022-08-02T20:40:00.000,BICYCLE,2397,N,MILWAUKEE AVE,41.924816741,-87.700234498,30,FOLLOWED TOO CLOSELY,INCAPACITATING INJURY,NOT OBSCURED,WITH TRAFFIC,UNKNOWN/NA,PEDALCYCLIST
2022-07-31T16:30:00.000,BICYCLE,2045,W,NORTH AVE,41.910341326,-87.679282605,30,NONE,NO INDICATION OF INJURY,NOT OBSCURED,WITH TRAFFIC,BIKE LANE,PEDALCYCLIST
2022-07-31T13:25:00.000,BICYCLE,2257,N,MILWAUKEE AVE,41.922113666,-87.695840376,30,UNKNOWN,NONINCAPACITATING INJURY,NOT OBSCURED,WITH TRAFFIC,BIKE LANE,PEDALCYCLIST
2022-07-29T20:32:00.000,BICYCLE,1998,N,CALIFORNIA AVE,41.917396026,-87.697344634,30,,INCAPACITATING INJURY,,WITH TRAFFIC,SHOULDER,PEDALCYCLIST
2022-07-29T16:50:00.000,PEDESTRIAN,1544,W,CHICAGO AVE,41.896193228,-87.666697268,30,FAILED TO YIELD,INCAPACITATING INJURY,UNKNOWN,CROSSING - NO CONTROLS (NOT AT INTERSECTION),IN ROADWAY,PEDESTRIAN
2022-07-29T13:00:00.000,PEDESTRIAN,1617,W,CHICAGO AVE,41.895952362,-87.667978682,30,OTHER,NONINCAPACITATING INJURY,NOT OBSCURED,CROSSING - NO CONTROLS (NOT AT INTERSECTION),IN ROADWAY,PEDESTRIAN
2022-07-29T00:53:00.000,BICYCLE,1392,N,MILWAUKEE AVE,41.907037506,-87.672466091,20,NONE,NO INDICATION OF INJURY,NOT OBSCURED,OTHER ACTION,BIKE LANE,PEDALCYCLIST
2022-07-28T10:17:00.000,BICYCLE,1400,W,DIVISION ST,41.90351744,-87.662691034,25,DISREGARDED CONTROL DEVICES,NO INDICATION OF INJURY,NOT OBSCURED,CROSSING - AGAINST SIGNAL,IN ROADWAY,PEDALCYCLIST
2022-07-27T17:20:00.000,BICYCLE,1535,W,DIVISION ST,41.903248153,-87.666533812,30,NONE,NO INDICATION OF INJURY,NOT OBSCURED,CROSSING - WITH SIGNAL,BIKEWAY,PEDALCYCLIST
2022-07-26T21:40:00.000,BICYCLE,2856,W,FULLERTON AVE,41.924896685,-87.699720244,30,NONE,NONINCAPACITATING INJURY,NOT OBSCURED,NO ACTION,NOT IN ROADWAY,PEDALCYCLIST
2022-07-26T04:44:00.000,BICYCLE,2000,N,KEDZIE AVE,41.917446172,-87.707116072,30,DISREGARDED CONTROL DEVICES,NONINCAPACITATING INJURY,UNKNOWN,TURNING LEFT,IN ROADWAY,PEDALCYCLIST
2022-07-20T17:31:00.000,PEDESTRIAN,1535,W,DIVISION ST,41.903248153,-87.666533812,30,NONE,NO INDICATION OF INJURY,NOT OBSCURED,CROSSING - WITH SIGNAL,IN ROADWAY,PEDESTRIAN
2022-07-13T08:21:00.000,BICYCLE,1426,N,MILWAUKEE AVE,41.907798314,-87.673658835,30,NONE,NONINCAPACITATING INJURY,NOT OBSCURED,OTHER ACTION,BIKE LANE,PEDALCYCLIST
2022-07-13T07:50:00.000,BICYCLE,2436,N,MILWAUKEE AVE,41.925437644,-87.701714447,30,OTHER,NO INDICATION OF INJURY,UNKNOWN,WITH TRAFFIC,BIKE LANE,PEDALCYCLIST
2022-07-11T17:15:00.000,BICYCLE,2050,N,MILWAUKEE AVE,41.918511662,-87.69039443,30,NONE,NONINCAPACITATING INJURY,UNKNOWN,NO ACTION,BIKE LANE,PEDALCYCLIST
2022-07-10T20:15:00.000,BICYCLE,2015,W,AUGUSTA BLVD,41.899431126,-87.677805331,35,UNKNOWN,INCAPACITATING INJURY,UNKNOWN,OTHER ACTION,BIKE LANE,PEDALCYCLIST
2022-07-10T01:30:00.000,PEDESTRIAN,3145,W,PALMER BLVD,41.920552158,-87.706988849,30,UNKNOWN,NONINCAPACITATING INJURY,UNKNOWN,UNKNOWN/NA,UNKNOWN/NA,PEDESTRIAN
2022-07-09T23:37:00.000,PEDESTRIAN,1332,W,DIVISION ST,41.903536788,-87.661859583,35,,NONINCAPACITATING INJURY,,CROSSING - WITH SIGNAL,IN CROSSWALK,PEDESTRIAN
2022-07-09T18:50:00.000,PEDESTRIAN,2101,N,CALIFORNIA AVE,41.919646931,-87.697115663,30,NONE,NONINCAPACITATING INJURY,NOT OBSCURED,NO ACTION,IN CROSSWALK,PEDESTRIAN
2022-07-08T14:37:00.000,BICYCLE,2000,N,MILWAUKEE AVE,41.917496608,-87.688719608,30,NONE,NONINCAPACITATING INJURY,UNKNOWN,CROSSING - WITH SIGNAL,IN ROADWAY,PEDALCYCLIST
2022-07-07T15:24:00.000,BICYCLE,1601,W,DIVISION ST,41.903235815,-87.667554068,30,NONE,NONINCAPACITATING INJURY,NOT OBSCURED,WITH TRAFFIC,IN ROADWAY,PEDALCYCLIST
2022-07-03T21:05:00.000,PEDESTRIAN,1523,W,NORTH AVE,41.910540544,-87.666263647,30,UNKNOWN,"REPORTED, NOT EVIDENT",UNKNOWN,CROSSING - NO CONTROLS (NOT AT INTERSECTION),UNKNOWN/NA,PEDESTRIAN
2022-07-02T07:54:00.000,PEDESTRIAN,1430,N,MILWAUKEE AVE,41.907839763,-87.673723969,30,OTHER,NONINCAPACITATING INJURY,NOT OBSCURED,CROSSING - NO CONTROLS (AT INTERSECTION),IN CROSSWALK,PEDESTRIAN
2022-06-29T19:16:00.000,BICYCLE,1530,N,DAMEN AVE,41.909187572,-87.677576738,30,NONE,NONINCAPACITATING INJURY,NOT OBSCURED,WITH TRAFFIC,BIKE LANE,PEDALCYCLIST
2022-06-29T03:57:00.000,PEDESTRIAN,1900,N,CALIFORNIA AVE,41.915761023,-87.697295811,30,UNKNOWN,NONINCAPACITATING INJURY,UNKNOWN,CROSSING - WITH SIGNAL,IN CROSSWALK,PEDESTRIAN
2022-06-28T08:45:00.000,BICYCLE,1360,N,MILWAUKEE AVE,41.906429121,-87.671514215,30,OTHER,"REPORTED, NOT EVIDENT",NOT OBSCURED,WITH TRAFFIC,BIKE LANE,PEDALCYCLIST
2022-06-27T16:05:00.000,PEDESTRIAN,1600,W,NORTH AVE,41.910739124,-87.667755542,30,FAILED TO YIELD,NONINCAPACITATING INJURY,OTHER,CROSSING - AGAINST SIGNAL,IN ROADWAY,PEDESTRIAN
2022-06-26T18:23:00.000,BICYCLE,2001,N,MILWAUKEE AVE,41.917666944,-87.688534183,30,NONE,NO INDICATION OF INJURY,NOT OBSCURED,CROSSING - WITH SIGNAL,IN CROSSWALK,PEDALCYCLIST
2022-06-26T18:23:00.000,BICYCLE,2001,N,MILWAUKEE AVE,41.917666944,-87.688534183,30,NONE,NO INDICATION OF INJURY,NOT OBSCURED,CROSSING - WITH SIGNAL,IN CROSSWALK,PEDALCYCLIST
2022-06-26T18:00:00.000,BICYCLE,1333,W,DIVISION ST,41.903317345,-87.661851201,30,FAILED TO YIELD,NONINCAPACITATING INJURY,NOT OBSCURED,WITH TRAFFIC,IN ROADWAY,PEDALCYCLIST
2022-06-25T17:46:00.000,PEDESTRIAN,1237,N,MILWAUKEE AVE,41.904259965,-87.667664756,30,NONE,"REPORTED, NOT EVIDENT",NOT OBSCURED,UNKNOWN/NA,IN CROSSWALK,PEDESTRIAN
2022-06-22T07:40:00.000,BICYCLE,1400,N,MILWAUKEE AVE,41.907258596,-87.67281319,20,NONE,NONINCAPACITATING INJURY,NOT OBSCURED,CROSSING - NO CONTROLS (AT INTERSECTION),BIKE LANE,PEDALCYCLIST
2022-06-19T02:24:00.000,PEDESTRIAN,2531,W,FULLERTON AVE,41.924757393,-87.691114178,25,NONE,NONINCAPACITATING INJURY,,OTHER ACTION,IN ROADWAY,PEDESTRIAN
2022-06-17T16:55:00.000,BICYCLE,2400,W,NORTH AVE,41.910429862,-87.687284221,30,NONE,NONINCAPACITATING INJURY,UNKNOWN,CROSSING - WITH SIGNAL,IN ROADWAY,PEDALCYCLIST
2022-06-15T08:30:00.000,PEDESTRIAN,2816,W,DIVERSEY AVE,41.932200171,-87.698418179,30,OTHER,NONINCAPACITATING INJURY,NOT OBSCURED,CROSSING - NO CONTROLS (NOT AT INTERSECTION),IN ROADWAY,PEDESTRIAN
2022-06-14T16:39:00.000,BICYCLE,1563,N,MILWAUKEE AVE,41.909998759,-87.67664791,30,UNKNOWN,"REPORTED, NOT EVIDENT",OTHER,WITH TRAFFIC,BIKE LANE,PEDALCYCLIST
2022-06-13T17:30:00.000,BICYCLE,1732,W,AUGUSTA BLVD,41.899760883,-87.671001294,30,UNKNOWN,NO INDICATION OF INJURY,NOT OBSCURED,WITH TRAFFIC,BIKEWAY,PEDALCYCLIST
2022-06-11T18:50:00.000,BICYCLE,1850,W,NORTH AVE,41.910639721,-87.674622497,30,OTHER,NONINCAPACITATING INJURY,NOT OBSCURED,WITH TRAFFIC,IN ROADWAY,PEDALCYCLIST
2022-06-08T17:06:00.000,BICYCLE,1251,N,MILWAUKEE AVE,41.904547763,-87.668109871,30,NONE,NONINCAPACITATING INJURY,NOT OBSCURED,WITH TRAFFIC,BIKEWAY,PEDALCYCLIST
2022-06-07T20:49:00.000,PEDESTRIAN,1588,N,MILWAUKEE AVE,41.910278011,-87.677515948,30,UNKNOWN,"REPORTED, NOT EVIDENT",UNKNOWN,UNKNOWN/NA,IN CROSSWALK,PEDESTRIAN
2022-06-07T18:55:00.000,BICYCLE,2545,W,ARMITAGE AVE,41.917429479,-87.691534747,25,NONE,NONINCAPACITATING INJURY,NOT OBSCURED,WITH TRAFFIC,IN ROADWAY,PEDALCYCLIST