crash_date_time,person_type,street_no,street_direction,street_name,latitude,longitude,posted_speed_limit,driver_action,injury_classification,driver_vision,pedpedal_action,pedpedal_location,first_crash_type
2022-06-06T21:03:00.000,PEDESTRIAN,1200,N,ASHLAND AVE,41.903377468,-87.667643142,30,NONE,NO INDICATION OF INJURY,UNKNOWN,CROSSING - NO CONTROLS (AT INTERSECTION),IN CROSSWALK,PEDESTRIAN
2022-06-06T16:15:00.000,BICYCLE,1501,N,CAMPBELL AVE,41.908560536,-87.689485371,30,NONE,NONINCAPACITATING INJURY,NOT OBSCURED,CROSSING - WITH SIGNAL,BIKE LANE,PEDALCYCLIST
2022-06-03T21:10:00.000,BICYCLE,2141,N,WESTERN AVE,41.921046602,-87.687375454,30,FAILED TO YIELD,INCAPACITATING INJURY,UNKNOWN,OTHER ACTION,IN ROADWAY,PEDALCYCLIST
2022-06-01T17:42:00.000,BICYCLE,1214,N,DAMEN AVE,41.903723856,-87.67742016,20,OTHER,NONINCAPACITATING INJURY,NOT OBSCURED,CROSSING - NO CONTROLS (NOT AT INTERSECTION),BIKE LANE,PEDALCYCLIST
2022-05-28T17:12:00.000,BICYCLE,1223,N,WOOD ST,41.904040555,-87.672248422,25,UNKNOWN,NONINCAPACITATING INJURY,UNKNOWN,UNKNOWN/NA,IN ROADWAY,PEDALCYCLIST
2022-05-27T23:35:00.000,BICYCLE,1400,N,MAPLEWOOD AVE,41.906719518,-87.690961303,20,WRONG WAY/SIDE,NONINCAPACITATING INJURY,NOT OBSCURED,CROSSING - NO CONTROLS (AT INTERSECTION),IN ROADWAY,PEDALCYCLIST
2022-05-26T15:46:00.000,BICYCLE,1324,N,MILWAUKEE AVE,41.905709569,-87.670390841,30,NONE,NONINCAPACITATING INJURY,NOT OBSCURED,CROSSING - WITH SIGNAL,BIKE LANE,PEDALCYCLIST
2022-05-24T17:15:00.000,BICYCLE,1100,N,WOLCOTT AVE,41.901472678,-87.674915324,30,NONE,NO INDICATION OF INJURY,UNKNOWN,TURNING RIGHT,BIKE LANE,PEDALCYCLIST
2022-05-22T17:40:00.000,BICYCLE,1165,N,MILWAUKEE AVE,41.903005039,-87.665706544,30,NONE,NONINCAPACITATING INJURY,UNKNOWN,NO ACTION,BIKE LANE,PEDALCYCLIST
2022-05-21T16:52:00.000,BICYCLE,1397,N,MILWAUKEE AVE,41.907284115,-87.672400315,30,NONE,NONINCAPACITATING INJURY,NOT OBSCURED,CROSSING - WITH SIGNAL,BIKE LANE,PEDALCYCLIST
2022-05-19T18:30:00.000,BICYCLE,2148,N,MILWAUKEE AVE,41.920182838,-87.693139041,30,OTHER,"REPORTED, NOT EVIDENT",NOT OBSCURED,WITH TRAFFIC,BIKEWAY,PEDALCYCLIST
2022-05-16T19:33:00.000,PEDESTRIAN,1559,W,DIVISION ST,41.903237216,-87.66744229,30,OTHER,"REPORTED, NOT EVIDENT",OTHER,CROSSING - WITH SIGNAL,IN CROSSWALK,PEDESTRIAN
2022-05-16T16:00:00.000,BICYCLE,2672,W,DIVERSEY AVE,41.932220477,-87.694924514,30,UNKNOWN,NO INDICATION OF INJURY,UNKNOWN,WITH TRAFFIC,UNKNOWN/NA,PEDALCYCLIST
2022-05-13T13:00:00.000,BICYCLE,1521,N,DAMEN AVE,41.908926932,-87.677273998,30,NONE,NO INDICATION OF INJURY,NOT OBSCURED,NO ACTION,BIKE LANE,PEDALCYCLIST
2022-05-13T00:59:00.000,BICYCLE,2419,N,MILWAUKEE AVE,41.925237082,-87.700922742,35,NONE,NO INDICATION OF INJURY,NOT OBSCURED,WITH TRAFFIC,BIKE LANE,PEDALCYCLIST
2022-05-11T18:20:00.000,BICYCLE,2600,N,WESTERN AVE,41.92866979,-87.687922236,30,NONE,NONINCAPACITATING INJURY,NOT OBSCURED,WITH TRAFFIC,IN ROADWAY,PEDALCYCLIST
2022-05-11T08:00:00.000,BICYCLE,2745,N,SACRAMENTO AVE,41.931573175,-87.702361791,30,NONE,NONINCAPACITATING INJURY,NOT OBSCURED,WITH TRAFFIC,BIKEWAY,PEDALCYCLIST
2022-05-10T14:30:00.000,PEDESTRIAN,1659,W,CHICAGO AVE,41.895924498,-87.669663839,25,UNKNOWN,FATAL,UNKNOWN,UNKNOWN/NA,UNKNOWN/NA,PEDESTRIAN
2022-05-09T13:40:00.000,BICYCLE,2999,W,PALMER BLVD,41.920593784,-87.702180392,30,NONE,NO INDICATION OF INJURY,NOT OBSCURED,WITH TRAFFIC,BIKEWAY,PEDALCYCLIST
2022-05-08T15:12:00.000,BICYCLE,2259,W,NORTH AVE,41.910248501,-87.684718794,30,NONE,NONINCAPACITATING INJURY,NOT OBSCURED,CROSSING - WITH SIGNAL,BIKE LANE,PEDALCYCLIST
2022-05-08T00:38:00.000,BICYCLE,1516,N,MILWAUKEE AVE,41.908995615,-87.675531656,30,NONE,NONINCAPACITATING INJURY,NOT OBSCURED,NO ACTION,BIKEWAY,PEDALCYCLIST
2022-05-07T18:50:00.000,BICYCLE,1756,W,CHICAGO AVE,41.896105731,-87.671947714,30,UNKNOWN,NO INDICATION OF INJURY,UNKNOWN,WITH TRAFFIC,IN ROADWAY,PEDALCYCLIST
2022-05-07T18:22:00.000,BICYCLE,1756,W,CHICAGO AVE,41.896105731,-87.671947714,30,NONE,INCAPACITATING INJURY,NOT OBSCURED,WITH TRAFFIC,BIKEWAY,PEDALCYCLIST
2022-05-07T13:30:00.000,BICYCLE,1326,N,MILWAUKEE AVE,41.905752599,-87.670459497,30,NONE,NO INDICATION OF INJURY,UNKNOWN,WITH TRAFFIC,BIKEWAY,PEDALCYCLIST
2022-05-06T09:30:00.000,BICYCLE,2092,N,MILWAUKEE AVE,41.919229751,-87.69157059,30,OTHER,NO INDICATION OF INJURY,NOT OBSCURED,OTHER ACTION,BIKE LANE,PEDALCYCLIST
2022-05-05T19:45:00.000,PEDESTRIAN,2100,W,DIVISION ST,41.903254515,-87.679825045,30,NONE,NONINCAPACITATING INJURY,NOT OBSCURED,CROSSING - CONTROLS PRESENT (NOT AT INTERSECTION),IN CROSSWALK,PEDESTRIAN
2022-05-03T05:21:00.000,PEDESTRIAN,2800,W,LOGAN BLVD,41.928574981,-87.697578354,30,UNKNOWN,NONINCAPACITATING INJURY,UNKNOWN,CROSSING - AGAINST SIGNAL,IN ROADWAY,PEDESTRIAN
2022-05-02T17:55:00.000,BICYCLE,1332,N,MILWAUKEE AVE,41.90588472,-87.670665085,30,NONE,NONINCAPACITATING INJURY,NOT OBSCURED,WITH TRAFFIC,BIKE LANE,PEDALCYCLIST
2022-04-30T13:30:00.000,BICYCLE,1000,N,DAMEN AVE,41.899594831,-87.677303736,30,OTHER,NONINCAPACITATING INJURY,NOT OBSCURED,CROSSING - WITH SIGNAL,BIKE LANE,PEDALCYCLIST
2022-04-22T18:01:00.000,PEDESTRIAN,1214,N,MILWAUKEE AVE,41.903626316,-87.667131138,35,NONE,NONINCAPACITATING INJURY,OTHER,CROSSING - NO CONTROLS (NOT AT INTERSECTION),IN ROADWAY,PEDESTRIAN
2022-04-21T13:50:00.000,BICYCLE,1576,N,MILWAUKEE AVE,41.910059843,-87.677191234,30,,NONINCAPACITATING INJURY,NOT OBSCURED,OTHER ACTION,IN ROADWAY,PEDALCYCLIST
2022-04-19T23:05:00.000,BICYCLE,959,N,DAMEN AVE,41.899508479,-87.677007411,30,NONE,"REPORTED, NOT EVIDENT",UNKNOWN,STANDING IN ROADWAY,IN ROADWAY,PEDALCYCLIST
2022-04-14T22:13:00.000,BICYCLE,1951,N,WESTERN AVE,41.917103631,-87.687248767,25,IMPROPER LANE CHANGE,INCAPACITATING INJURY,UNKNOWN,TURNING RIGHT,IN ROADWAY,PEDALCYCLIST
2022-04-08T14:34:00.000,PEDESTRIAN,1401,N,WESTERN AVE,41.906759834,-87.686978873,30,,INCAPACITATING INJURY,NOT OBSCURED,CROSSING - WITH SIGNAL,IN CROSSWALK,PEDESTRIAN
2022-03-24T12:31:00.000,BICYCLE,1000,N,DAMEN AVE,41.899594831,-87.677303736,30,DISREGARDED CONTROL DEVICES,"REPORTED, NOT EVIDENT",NOT OBSCURED,WITH TRAFFIC,BIKE LANE,PEDALCYCLIST
2022-03-19T12:30:00.000,PEDESTRIAN,2062,N,MILWAUKEE AVE,41.918700697,-87.690702926,30,OTHER,"REPORTED, NOT EVIDENT",PARKED VEHICLES,CROSSING - NO CONTROLS (NOT AT INTERSECTION),IN ROADWAY,PEDESTRIAN
2022-03-14T21:30:00.000,PEDESTRIAN,2801,W,FULLERTON AVE,41.924696904,-87.697471842,30,NONE,"REPORTED, NOT EVIDENT",NOT OBSCURED,CROSSING - WITH SIGNAL,IN CROSSWALK,PEDESTRIAN
2022-03-12T21:56:00.000,PEDESTRIAN,2040,N,MILWAUKEE AVE,41.918354397,-87.690137328,30,UNKNOWN,"REPORTED, NOT EVIDENT",UNKNOWN,CROSSING - NO CONTROLS (NOT AT INTERSECTION),UNKNOWN/NA,PEDESTRIAN
2022-03-08T13:10:00.000,PEDESTRIAN,2001,W,DIVISION ST,41.903079317,-87.677376575,30,NONE,NONINCAPACITATING INJURY,UNKNOWN,CROSSING - WITH SIGNAL,IN CROSSWALK,PEDESTRIAN
2022-03-05T17:57:00.000,PEDESTRIAN,2130,N,CALIFORNIA AVE,41.920529226,-87.697434787,30,NONE,NONINCAPACITATING INJURY,,CROSSING - CONTROLS PRESENT (NOT AT INTERSECTION),IN CROSSWALK,PEDESTRIAN
2022-02-18T19:25:00.000,PEDESTRIAN,1230,N,MILWAUKEE AVE,41.904011656,-87.667729409,30,NONE,NONINCAPACITATING INJURY,UNKNOWN,UNKNOWN/NA,IN CROSSWALK,PEDESTRIAN
2022-02-13T20:16:00.000,PEDESTRIAN,2000,W,AUGUSTA BLVD,41.899659372,-87.677280767,30,,NONINCAPACITATING INJURY,,CROSSING - WITH SIGNAL,IN CROSSWALK,PEDESTRIAN
2022-02-12T15:00:00.000,BICYCLE,1566,N,MILWAUKEE AVE,41.909879819,-87.676913798,30,UNKNOWN,NONINCAPACITATING INJURY,NOT OBSCURED,WITH TRAFFIC,BIKEWAY,PEDALCYCLIST
2022-02-09T18:15:00.000,PEDESTRIAN,2175,N,CALIFORNIA AVE,41.921591285,-87.6971705,30,NONE,NO INDICATION OF INJURY,NOT OBSCURED,CROSSING - NO CONTROLS (NOT AT INTERSECTION),IN CROSSWALK,PEDESTRIAN
2022-01-29T14:20:00.000,PEDESTRIAN,2401,W,ARMITAGE AVE,41.917457798,-87.687468704,30,NONE,NONINCAPACITATING INJURY,UNKNOWN,CROSSING - CONTROLS PRESENT (NOT AT INTERSECTION),IN CROSSWALK,PEDESTRIAN
2022-01-22T17:25:00.000,BICYCLE,2800,N,CALIFORNIA AVE,41.932120719,-87.6977653,30,NONE,NONINCAPACITATING INJURY,NOT OBSCURED,WITH TRAFFIC,IN ROADWAY,PEDALCYCLIST
2022-01-21T14:05:00.000,BICYCLE,1537,W,DIVISION ST,41.903247442,-87.666609574,35,UNKNOWN,NONINCAPACITATING INJURY,UNKNOWN,UNKNOWN/NA,IN ROADWAY,PEDALCYCLIST
2022-01-20T07:20:00.000,PEDESTRIAN,2400,W,HIRSCH ST,41.90677579,-87.687186549,30,,"REPORTED, NOT EVIDENT",,WITH TRAFFIC,IN CROSSWALK,PEDESTRIAN
2022-01-18T14:30:00.000,PEDESTRIAN,958,N,DAMEN AVE,41.899503896,-87.677301195,30,NONE,NONINCAPACITATING INJURY,NOT OBSCURED,CROSSING - WITH SIGNAL,IN CROSSWALK,PEDESTRIAN
2022-01-18T08:35:00.000,PEDESTRIAN,499,N,ASHLAND AVE,41.89095854,-87.666995274,25,NONE,INCAPACITATING INJURY,OTHER,CROSSING - AGAINST SIGNAL,IN ROADWAY,PEDESTRIAN
2022-01-16T17:45:00.000,PEDESTRIAN,1604,W,CHICAGO AVE,41.89617941,-87.667525445,30,NONE,NONINCAPACITATING INJURY,NOT OBSCURED,CROSSING - CONTROLS PRESENT (NOT AT INTERSECTION),IN ROADWAY,PEDESTRIAN
2022-01-12T23:10:00.000,PEDESTRIAN,1800,W,NORTH AVE,41.910670457,-87.672639081,20,NONE,NONINCAPACITATING INJURY,UNKNOWN,CROSSING - NO CONTROLS (NOT AT INTERSECTION),IN CROSSWALK,PEDESTRIAN
2022-01-12T16:40:00.000,PEDESTRIAN,1356,N,WESTERN AVE,41.906516599,-87.687266658,30,NONE,NONINCAPACITATING INJURY,UNKNOWN,CROSSING - WITH SIGNAL,IN CROSSWALK,PEDESTRIAN
2021-12-22T18:35:00.000,BICYCLE,1446,N,PAULINA ST,41.908289342,-87.670215091,30,UNKNOWN,NO INDICATION OF INJURY,NOT OBSCURED,WITH TRAFFIC,IN ROADWAY,PEDALCYCLIST
2021-12-20T15:36:00.000,BICYCLE,3002,W,LOGAN BLVD,41.928532772,-87.702562154,30,NONE,NONINCAPACITATING INJURY,NOT OBSCURED,CROSSING - WITH SIGNAL,IN ROADWAY,PEDALCYCLIST
2021-12-14T15:00:00.000,BICYCLE,2854,W,FULLERTON AVE,41.924897682,-87.699635198,30,UNKNOWN,NONINCAPACITATING INJURY,UNKNOWN,WITH TRAFFIC,IN ROADWAY,PEDALCYCLIST
2021-12-13T13:40:00.000,PEDESTRIAN,1425,N,DAMEN AVE,41.907952248,-87.677249238,30,UNKNOWN,NO INDICATION OF INJURY,UNKNOWN,UNKNOWN/NA,IN CROSSWALK,PEDESTRIAN
2021-12-08T08:45:00.000,PEDESTRIAN,1502,N,PAULINA ST,41.909184722,-87.670238449,30,NONE,"REPORTED, NOT EVIDENT",NOT OBSCURED,CROSSING - WITH SIGNAL,IN CROSSWALK,PEDESTRIAN
2021-12-06T19:22:00.000,PEDESTRIAN,1600,N,PAULINA ST,41.910685764,-87.670284248,30,NONE,NONINCAPACITATING INJURY,UNKNOWN,CROSSING - WITH SIGNAL,IN CROSSWALK,PEDESTRIAN
2021-12-02T07:30:00.000,BICYCLE,2507,W,ARMITAGE AVE,41.917441715,-87.690195495,30,NONE,NO INDICATION OF INJURY,NOT OBSCURED,WITH TRAFFIC,DRIVEWAY ACCESS,PEDALCYCLIST
2021-11-30T09:11:00.000,PEDESTRIAN,1958,N,ALBANY AVE,41.917366169,-87.705428697,30,NONE,NO INDICATION OF INJURY,NOT OBSCURED,CROSSING - WITH SIGNAL,IN CROSSWALK,PEDESTRIAN
2021-11-30T09:00:00.000,BICYCLE,2119,W,NORTH AVE,41.910314258,-87.680759443,35,OTHER,NONINCAPACITATING INJURY,UNKNOWN,WITH TRAFFIC,BIKEWAY,PEDALCYCLIST
2021-11-18T19:51:00.000,BICYCLE,2014,N,MILWAUKEE AVE,41.917946473,-87.689463907,20,UNKNOWN,NO INDICATION OF INJURY,NOT OBSCURED,WITH TRAFFIC,BIKEWAY,PEDALCYCLIST
2021-11-17T15:30:00.000,PEDESTRIAN,1757,W,CHICAGO AVE,41.895884625,-87.672030694,30,OTHER,NO INDICATION OF INJURY,UNKNOWN,CROSSING - NO CONTROLS (NOT AT INTERSECTION),IN ROADWAY,PEDESTRIAN
2021-11-17T14:00:00.000,PEDESTRIAN,1400,W,ERIE ST,41.893524703,-87.662412421,25,NONE,NONINCAPACITATING INJURY,NOT OBSCURED,CROSSING - NO CONTROLS (AT INTERSECTION),IN CROSSWALK,PEDESTRIAN
2021-11-15T18:24:00.000,BICYCLE,2433,N,MILWAUKEE AVE,41.925501416,-87.701354947,30,OTHER,"REPORTED, NOT EVIDENT",NOT OBSCURED,CROSSING - NO CONTROLS (NOT AT INTERSECTION),BIKE LANE,PEDALCYCLIST
2021-11-09T17:35:00.000,BICYCLE,1201,N,MILWAUKEE AVE,41.903474699,-87.666441178,30,UNKNOWN,NONINCAPACITATING INJURY,UNKNOWN,CROSSING - WITH SIGNAL,BIKEWAY,PEDALCYCLIST
2021-11-04T11:00:00.000,BICYCLE,2000,N,MILWAUKEE AVE,41.917496608,-87.688719608,30,NONE,NONINCAPACITATING INJURY,UNKNOWN,OTHER ACTION,BIKE LANE,PEDALCYCLIST
2021-11-03T09:55:00.000,PEDESTRIAN,2550,W,NORTH AVE,41.910379151,-87.691741526,30,NONE,NONINCAPACITATING INJURY,NOT OBSCURED,CROSSING - NO CONTROLS (AT INTERSECTION),IN CROSSWALK,PEDESTRIAN
2021-10-25T14:50:00.000,BICYCLE,2600,N,SACRAMENTO AVE,41.928744078,-87.702575302,30,NONE,NO INDICATION OF INJURY,NOT OBSCURED,WITH TRAFFIC,IN ROADWAY,PEDALCYCLIST
2021-10-24T10:30:00.000,BICYCLE,2472,N,MILWAUKEE AVE,41.926206581,-87.702965781,30,NONE,NONINCAPACITATING INJURY,NOT OBSCURED,WITH TRAFFIC,IN ROADWAY,PEDALCYCLIST
2021-10-23T19:20:00.000,BICYCLE,2401,N,SACRAMENTO AVE,41.924812694,-87.702172714,30,NONE,NO INDICATION OF INJURY,NOT OBSCURED,WITH TRAFFIC,IN ROADWAY,PEDALCYCLIST
2021-10-19T20:10:00.000,BICYCLE,1900,W,DIVISION ST,41.903339181,-87.674885363,30,UNKNOWN,NONINCAPACITATING INJURY,UNKNOWN,CROSSING - NO CONTROLS (AT INTERSECTION),IN ROADWAY,PEDALCYCLIST
2021-10-19T18:30:00.000,BICYCLE,1558,W,CHICAGO AVE,41.896184781,-87.667213245,30,UNKNOWN,"REPORTED, NOT EVIDENT",UNKNOWN,CROSSING - AGAINST SIGNAL,IN CROSSWALK,PEDALCYCLIST
2021-10-19T13:20:00.000,BICYCLE,1101,N,DAMEN AVE,41.901419078,-87.677060023,30,OTHER,NO INDICATION OF INJURY,NOT OBSCURED,CROSSING - CONTROLS PRESENT (NOT AT INTERSECTION),IN CROSSWALK,PEDALCYCLIST
2021-10-19T09:47:00.000,BICYCLE,1629,W,DIVISION ST,41.903218374,-87.6686556,30,IMPROPER TURN,NO INDICATION OF INJURY,NOT OBSCURED,TURNING LEFT,IN ROADWAY,PEDALCYCLIST
2021-10-18T16:30:00.000,BICYCLE,2513,N,CALIFORNIA AVE,41.927011969,-87.697328194,30,UNKNOWN,NONINCAPACITATING INJURY,NOT OBSCURED,NO ACTION,IN ROADWAY,PEDALCYCLIST
2021-10-17T16:45:00.000,BICYCLE,1535,W,DIVISION ST,41.903248153,-87.666533812,20,FOLLOWED TOO CLOSELY,NO INDICATION OF INJURY,NOT OBSCURED,NO ACTION,BIKEWAY,PEDALCYCLIST
2021-10-17T04:30:00.000,PEDESTRIAN,1600,N,MILWAUKEE AVE,41.910436799,-87.677761021,20,NONE,"REPORTED, NOT EVIDENT",NOT OBSCURED,CROSSING - WITH SIGNAL,IN CROSSWALK,PEDESTRIAN
2021-10-16T09:55:00.000,BICYCLE,1338,N,ASHLAND AVE,41.906185351,-87.667716335,30,OTHER,NONINCAPACITATING INJURY,OTHER,OTHER ACTION,DRIVEWAY ACCESS,PEDALCYCLIST
2021-10-13T08:18:00.000,PEDESTRIAN,2051,N,HUMBOLDT BLVD,41.919071922,-87.70199381,10,UNKNOWN,"REPORTED, NOT EVIDENT",UNKNOWN,WORKING IN ROADWAY,IN ROADWAY,PEDESTRIAN
2021-10-12T19:30:00.000,BICYCLE,2233,W,DIVISION ST,41.902971912,-87.683484931,25,NONE,INCAPACITATING INJURY,UNKNOWN,WITH TRAFFIC,BIKE LANE,PEDALCYCLIST
2021-10-12T09:48:00.000,PEDESTRIAN,2014,N,MILWAUKEE AVE,41.917946473,-87.689463907,30,NONE,NONINCAPACITATING INJURY,OTHER,WITH TRAFFIC,IN ROADWAY,PEDESTRIAN
2021-10-09T17:30:00.000,BICYCLE,2410,W,NORTH AVE,41.910424632,-87.68770716,30,UNKNOWN,INCAPACITATING INJURY,UNKNOWN,WITH TRAFFIC,BIKE LANE,PEDALCYCLIST
2021-10-09T12:40:00.000,PEDESTRIAN,3200,W,ARMITAGE AVE,41.917511023,-87.707053639,30,NONE,NONINCAPACITATING INJURY,UNKNOWN,CROSSING - WITH SIGNAL,IN CROSSWALK,PEDESTRIAN
2021-10-08T06:45:00.000,PEDESTRIAN,2334,W,DIVISION ST,41.903144753,-87.685996522,20,NONE,NONINCAPACITATING INJURY,NOT OBSCURED,NO ACTION,IN CROSSWALK,PEDESTRIAN
2021-10-06T20:25:00.000,BICYCLE,2235,N,MILWAUKEE AVE,41.921488876,-87.694814926,30,UNKNOWN,NO INDICATION OF INJURY,UNKNOWN,WITH TRAFFIC,IN ROADWAY,PEDALCYCLIST
2021-10-04T16:16:00.000,BICYCLE,811,N,WOOD ST,41.896356925,-87.672042866,30,NONE,NONINCAPACITATING INJURY,NOT OBSCURED,WITH TRAFFIC,BIKEWAY,PEDALCYCLIST
2021-10-02T19:50:00.000,BICYCLE,1011,N,ASHLAND AVE,41.900070446,-87.667255571,30,OTHER,NONINCAPACITATING INJURY,NOT OBSCURED,OTHER ACTION,IN ROADWAY,PEDALCYCLIST
2021-10-02T15:15:00.000,BICYCLE,2000,N,MILWAUKEE AVE,41.917496608,-87.688719608,30,UNKNOWN,NO INDICATION OF INJURY,UNKNOWN,CROSSING - WITH SIGNAL,BIKE LANE,PEDALCYCLIST
2021-09-29T13:55:00.000,PEDESTRIAN,1529,W,BLACKHAWK ST,41.906898379,-87.666262815,20,NONE,"REPORTED, NOT EVIDENT",NOT OBSCURED,CROSSING - NO CONTROLS (AT INTERSECTION),IN CROSSWALK,PEDESTRIAN
2021-09-28T08:25:00.000,PEDESTRIAN,2577,W,ARMITAGE AVE,41.917422762,-87.692211807,30,NONE,INCAPACITATING INJURY,UNKNOWN,CROSSING - WITH SIGNAL,IN CROSSWALK,PEDESTRIAN
2021-09-27T19:35:00.000,BICYCLE,2300,W,DIVISION ST,41.9031687,-87.684706042,30,NONE,NONINCAPACITATING INJURY,NOT OBSCURED,NO ACTION,BIKEWAY,PEDALCYCLIST
2021-09-26T20:30:00.000,BICYCLE,3129,W,LOGAN BLVD,41.927864203,-87.706161882,30,NONE,NO INDICATION OF INJURY,NOT OBSCURED,WITH TRAFFIC,IN ROADWAY,PEDALCYCLIST
2021-09-25T11:30:00.000,BICYCLE,2535,N,CALIFORNIA AVE,41.927613868,-87.697346597,30,OTHER,NONINCAPACITATING INJURY,UNKNOWN,WITH TRAFFIC,IN ROADWAY,PEDALCYCLIST
2021-09-24T18:00:00.000,BICYCLE,2400,N,SACRAMENTO AVE,41.924808124,-87.702466615,30,UNKNOWN,"REPORTED, NOT EVIDENT",UNKNOWN,UNKNOWN/NA,IN ROADWAY,PEDALCYCLIST
2021-09-18T18:30:00.000,PEDESTRIAN,2432,W,ALTGELD ST,41.926814874,-87.689040458,25,UNKNOWN,NONINCAPACITATING INJURY,UNKNOWN,NOT AT INTERSECTION,IN ROADWAY,PEDESTRIAN
2021-09-16T17:15:00.000,BICYCLE,1219,N,MILWAUKEE AVE,41.903854729,-87.667036281,30,UNKNOWN,NONINCAPACITATING INJURY,NOT OBSCURED,WITH TRAFFIC,BIKE LANE,PEDALCYCLIST
2021-09-15T10:57:00.000,PEDESTRIAN,2439,W,ARMITAGE AVE,41.917452862,-87.688920608,25,NONE,NONINCAPACITATING INJURY,UNKNOWN,CROSSING - WITH SIGNAL,IN CROSSWALK,PEDESTRIAN
2021-09-15T07:25:00.000,PEDESTRIAN,1857,W,THOMAS ST,41.901301555,-87.674617255,30,NONE,NONINCAPACITATING INJURY,NOT OBSCURED,OTHER ACTION,IN ROADWAY,PEDESTRIAN
2021-09-14T17:00:00.000,PEDESTRIAN,2564,W,FULLERTON AVE,41.924964652,-87.692478132,30,NONE,"REPORTED, NOT EVIDENT",UNKNOWN,CROSSING - NO CONTROLS (NOT AT INTERSECTION),UNKNOWN/NA,PEDESTRIAN
2021-09-12T09:30:00.000,BICYCLE,1500,N,DAMEN AVE,41.908287163,-87.677551122,30,OTHER,NONINCAPACITATING INJURY,UNKNOWN,UNKNOWN/NA,IN ROADWAY,PEDALCYCLIST
2021-09-12T00:00:00.000,PEDESTRIAN,1957,W,SCHILLER ST,41.90703943,-87.676919694,30,NONE,"REPORTED, NOT EVIDENT",NOT OBSCURED,CROSSING - WITH SIGNAL,IN ROADWAY,PEDESTRIAN
2021-09-11T05:50:00.000,BICYCLE,1331,W,DIVISION ST,41.903318889,-87.661778784,30,OTHER,NONINCAPACITATING INJURY,UNKNOWN,WITH TRAFFIC,IN ROADWAY,PEDALCYCLIST
2021-09-08T14:27:00.000,BICYCLE,1352,N,MILWAUKEE AVE,41.906324725,-87.67135108,30,NONE,NO INDICATION OF INJURY,NOT OBSCURED,WITH TRAFFIC,IN ROADWAY,PEDALCYCLIST
2021-09-06T18:00:00.000,BICYCLE,2500,W,NORTH AVE,41.910403336,-87.689730623,25,UNKNOWN,NONINCAPACITATING INJURY,UNKNOWN,TURNING LEFT,UNKNOWN/NA,PEDALCYCLIST
2021-09-02T12:50:00.000,BICYCLE,2605,W,NORTH AVE,41.910153707,-87.692325217,30,NONE,INCAPACITATING INJURY,NOT OBSCURED,NO ACTION,BIKEWAY,PEDALCYCLIST
2021-08-31T16:47:00.000,BICYCLE,1159,N,MILWAUKEE AVE,41.902828311,-87.665426815,30,NONE,NONINCAPACITATING INJURY,NOT OBSCURED,CROSSING - WITH SIGNAL,BIKE LANE,PEDALCYCLIST